player_id,evo_rate_raw,evd_rate_raw,ppo_rate_raw,ppd_rate_raw,toi_5v5_minutes,toi_pp_minutes,toi_pk_minutes,toi_total_minutes,penalty_component_raw,evo_rate_regressed,evd_rate_regressed,ppo_rate_regressed,ppd_rate_regressed,penalty_component_regressed,evo_gar_per_60,evd_gar_per_60,ppo_gar_per_60,ppd_gar_per_60,penalty_gar_per_60,total_gar_per_60,rp_evo_rate,rp_evd_rate,rp_ppo_rate,rp_ppd_rate,rp_penalty_rate
8470594,0.8572878530842095,1.81199934144413,0.0,0.8734803830013895,19.366666666666667,5.1,8.133333333333333,32.6,0.0,1.7636709129656476,1.4380437930523362,0.1584085511298092,1.3785811547123479,0.0,-0.03510723718607456,-0.014484544907708896,-0.008078836107620252,0.041081529432491326,0.0,-0.01658908876891238,1.7987781501517222,1.4235592481446273,0.16648738723742945,1.4196626841448392,0.0
8470613,2.896109751935958,1.7385518472805803,0.0,0.0,42.95,2.716666666666667,3.7,49.36666666666667,0.0,1.885582445752851,1.4484767030352972,0.16208410245409324,1.3690093386160453,0.0,0.08680429560112879,-0.024917454890669877,-0.004403284783336209,0.05065334552879386,0.0,0.10813690145591656,1.7987781501517222,1.4235592481446273,0.16648738723742945,1.4196626841448392,0.0
8471675,3.4497715287181894,3.298685635525663,0.0,2.4410573804501525,20.866666666666667,2.166666666666667,4.566666666666666,27.6,0.0,1.8649193158360053,1.4986795040322842,0.16295665961249212,1.464269338079754,0.0,0.06614116568428319,-0.07512025588765692,-0.0035307276249373354,-0.04460665393491481,0.0,-0.05711647176322587,1.7987781501517222,1.4235592481446273,0.16648738723742945,1.4196626841448392,0.0
8471677,0.966803730304633,0.0,0.0,0.0,16.116666666666667,0.0,0.0,16.116666666666667,0.0,1.7727982598171035,1.3791060627228604,0.16648738723742945,1.4196626841448392,0.0,-0.02597989033461867,0.044453185421766905,0.0,0.0,0.0,0.018473295087148234,1.7987781501517222,1.4235592481446273,0.16648738723742945,1.4196626841448392,0.0
8471685,1.696718940225371,1.054660085132284,0.0,3.4807174226570923,28.55,7.166666666666666,6.716666666666667,42.43333333333333,0.0,1.7932653501452946,1.4036329003932275,0.15535370504270243,1.5493839178822182,0.0,-0.0055128000064275096,0.019926347751399787,-0.011133682194727018,-0.12972123373737898,0.0,-0.12644136818713372,1.7987781501517222,1.4235592481446273,0.16648738723742945,1.4196626841448392,0.0
8471724,3.930284360118356,2.882406567753521,0.0,4.118615932814814,29.15,1.2333333333333334,1.9666666666666663,32.35,0.0,1.916199308652199,1.5039247387741261,0.1644590588450077,1.4717183368651818,0.0,0.11742115850047674,-0.08036549062949883,-0.0020283283924217577,-0.05205565272034263,0.0,-0.01702831324178647,1.7987781501517222,1.4235592481446273,0.16648738723742945,1.4196626841448392,0.0
8473419,4.251512117427628,1.2836598190780428,6.347376401753831,1.718970494138386,25.4,2.2333333333333334,7.866666666666666,35.5,0.0,1.917353412368715,1.4167959335304454,0.3015116989337447,1.4414910658378173,0.0,0.11857526221699288,0.006763314614181892,0.13502431169631524,-0.02182838169297807,0.0,0.23853450683451194,1.7987781501517222,1.4235592481446273,0.16648738723742945,1.4196626841448392,0.0
8473422,4.72612225051915,3.67452939938285,0.0,7.624436910217003,8.983333333333334,0.0,2.35,11.333333333333334,0.0,1.8504444938466054,1.4632878873115092,0.16648738723742945,1.5621269677918308,0.0,0.05166634369488321,-0.03972863916688185,0.0,-0.1424642836469916,0.0,-0.13052657911899024,1.7987781501517222,1.4235592481446273,0.16648738723742945,1.4196626841448392,0.0
8473533,2.5814698128157176,2.28473771272172,0.0,0.0,16.316666666666666,1.8666666666666667,0.6166666666666667,18.8,0.0,1.8235128135607428,1.4507742556277923,0.16343657124093205,1.4109617533326213,0.0,0.02473466340902064,-0.027215007483164966,-0.003050815996497397,0.0087009308122179,0.0,0.0031697707415761778,1.7987781501517222,1.4235592481446273,0.16648738723742945,1.4196626841448392,0.0
8474037,1.0194278078671024,2.1723956059160456,0.0,0.0,16.383333333333333,1.2,3.5,21.08333333333333,0.0,1.7740516425034705,1.4473176362829387,0.16451322849548364,1.3716547672896997,0.0,-0.024726507648251683,-0.023758388138311437,-0.001974158741945814,0.0480079168551395,0.0,-0.0024511376733694357,1.7987781501517222,1.4235592481446273,0.16648738723742945,1.4196626841448392,0.0
8474166,0.0355540520765561,1.0007138774708784,0.0,0.0,12.283333333333331,0.0,2.75,15.033333333333331,0.0,1.7565002388304678,1.4134204239852575,0.16648738723742945,1.3816668458830552,0.0,-0.04227791132125436,0.010138824159369841,0.0,0.03799583826178399,0.0,0.005856751099899471,1.7987781501517222,1.4235592481446273,0.16648738723742945,1.4196626841448392,0.0
8474563,3.726303058318609,1.0886570424259163,0.0,2.2463734762217924,12.366666666666667,3.25,6.5,22.116666666666667,0.0,1.845301586553382,1.4154759277151405,0.16124686415247405,1.4701192113608035,0.0,0.04652343640165979,0.008083320429486784,-0.005240523084955401,-0.050456527215964275,0.0,-0.0010902934697731015,1.7987781501517222,1.4235592481446273,0.16648738723742945,1.4196626841448392,0.0
8474565,1.1086230863578357,0.0,0.0,0.0,9.95,1.55,2.716666666666667,14.216666666666669,0.0,1.7853120399747457,1.395783163197007,0.16394622081480006,1.3821152206505005,0.0,-0.013466110176976409,0.027776084947620294,-0.0025411664226293873,0.037547463494338684,0.0,0.04931627184235318,1.7987781501517222,1.4235592481446273,0.16648738723742945,1.4196626841448392,0.0
8474567,0.5640929188509747,2.1030558567298088,0.0,0.0,9.816666666666666,1.7333333333333334,2.3,13.85,0.0,1.7750039306206444,1.4366431509350641,0.16365077382447193,1.3877445592813678,0.0,-0.023774219531077723,-0.013083902790436808,-0.002836613412957517,0.03191812486347145,0.0,-0.007776610871000594,1.7987781501517222,1.4235592481446273,0.16648738723742945,1.4196626841448392,0.0
8474578,2.018493550083988,1.635015464057134,0.0,3.176448889360445,36.06666666666666,2.166666666666667,2.55,40.78333333333333,0.0,1.8135606437922343,1.4377860623230465,0.16295665961249212,1.463346787736256,0.0,0.014782493640512095,-0.0142268141784192,-0.0035307276249373354,-0.043684103591416834,0.0,-0.046659151754261274,1.7987781501517222,1.4235592481446273,0.16648738723742945,1.4196626841448392,0.0
8474673,0.3337958756781796,2.3044563588541997,0.0,0.0,11.833333333333334,0.5666666666666667,4.166666666666667,16.566666666666666,0.0,1.7649084850629493,1.4439251533417554,0.16554927468090433,1.3628761767790456,0.0,-0.03386966508877287,-0.02036590519712811,-0.0009381125565251225,0.056786507365793604,0.0,0.001612824523367501,1.7987781501517222,1.4235592481446273,0.16648738723742945,1.4196626841448392,0.0
8475167,1.0751877585515008,0.6120170379346004,0.0,0.0,26.15,0.0,0.0,26.15,0.0,1.7628152332262337,1.3832250681636482,0.16648738723742945,1.4196626841448392,0.0,-0.035962916925488475,0.0403341799809791,0.0,0.0,0.0,0.004371263055490626,1.7987781501517222,1.4235592481446273,0.16648738723742945,1.4196626841448392,0.0
8475170,1.7194573748957829,0.7663167918784709,0.0,3.539981083436446,9.216666666666669,2.566666666666667,2.75,14.533333333333331,0.0,1.7973424682639685,1.4116633597436459,0.16232114452788052,1.4764108651477776,0.0,-0.0014356818877536703,0.011895888400981436,-0.004166242709548934,-0.056748181002938436,0.0,-0.050454217199259604,1.7987781501517222,1.4235592481446273,0.16648738723742945,1.4196626841448392,0.0
8475177,2.1392555432281037,0.3943124522081752,0.0,0.0,12.35,0.0,0.0,12.35,0.0,1.8069852269634588,1.398749649374616,0.16648738723742945,1.4196626841448392,0.0,0.008207076811736602,0.02480959877001121,0.0,0.0,0.0,0.03301667558174781,1.7987781501517222,1.4235592481446273,0.16648738723742945,1.4196626841448392,0.0
8475188,0.4711288424850095,1.5664908209511823,0.0,0.3703013193957946,10.116666666666667,2.566666666666667,2.833333333333333,15.516666666666667,0.0,1.7724481233685128,1.4263938763242456,0.16232114452788052,1.3907499723122076,0.0,-0.026330026783209393,-0.002834628179618326,-0.004166242709548934,0.028912711832631555,0.0,-0.004418185839745098,1.7987781501517222,1.4235592481446273,0.16648738723742945,1.4196626841448392,0.0
8475200,1.5895828465434991,2.0641476916193446,0.0,0.0,23.183333333333334,2.033333333333333,3.6166666666666663,28.83333333333333,0.0,1.7895082744765596,1.451945044228643,0.16316960526373353,1.3701103594770847,0.0,-0.009269875675162575,-0.028385796084015702,-0.0033177819736959213,0.0495523246677545,0.0,0.0085788709348803,1.7987781501517222,1.4235592481446273,0.16648738723742945,1.4196626841448392,0.0
8475208,2.52588857602314,2.8410181157396983,0.0,1.4384603789726862,19.516666666666666,2.966666666666667,5.2,27.683333333333334,0.0,1.8260934851969703,1.476808881905297,0.16169056708070195,1.4205918477675086,0.0,0.02731533504524819,-0.0532496337606696,-0.004796820156727499,-0.0009291636226693711,0.0,-0.03166028249481828,1.7987781501517222,1.4235592481446273,0.16648738723742945,1.4196626841448392,0.0
8475220,1.6641337841822297,1.3302017225657732,0.0,0.0,20.383333333333333,1.15,1.6666666666666667,23.2,0.0,1.7935041515103138,1.4199024485487224,0.16459454991342506,1.3963895253883665,0.0,-0.005273998641408317,0.003656799595904925,-0.0018928373240043872,0.023273158756472734,0.0,0.019763122386964954,1.7987781501517222,1.4235592481446273,0.16648738723742945,1.4196626841448392,0.0
8475231,2.316122430168625,0.0,3.2897657155990587,4.400230424348697,15.366666666666667,2.25,4.3,21.916666666666668,0.0,1.8142037832341742,1.3811130406939662,0.2352147832160472,1.5425432333574622,0.0,0.01542563308245204,0.04244620745066108,0.06872739597861774,-0.12288054921262304,0.0,0.00371868729910782,1.7987781501517222,1.4235592481446273,0.16648738723742945,1.4196626841448392,0.0
8475311,3.5380168965703818,3.826748643930845,0.0,3.9407129616852505,20.78333333333333,5.066666666666666,6.583333333333333,32.43333333333334,0.0,1.86818739637645,1.5194653247774372,0.1584588076498377,1.575380410435451,0.0,0.06940924622472777,-0.09590607663280992,-0.008028579587591761,-0.15571772629061176,0.0,-0.19024313628628567,1.7987781501517222,1.4235592481446273,0.16648738723742945,1.4196626841448392,0.0
8475314,2.5469073186981386,0.7258534217426865,2.9411812689130654,4.083667084467495,21.466666666666665,2.5166666666666666,4.633333333333334,28.616666666666667,0.0,1.8295755922729118,1.3948375304124072,0.23460294180303198,1.5376291102820958,0.0,0.030797442121189622,0.028721717732220098,0.06811555456560253,-0.11796642613725661,0.0,0.009668288281755644,1.7987781501517222,1.4235592481446273,0.16648738723742945,1.4196626841448392,0.0
8475683,3.762256631288487,4.032216414797286,7.2080376087713,1.988612924591466,19.433333333333334,1.9666666666666663,6.8,28.2,0.0,1.8722369164035824,1.5211558038886115,0.3023002225007503,1.4558879803530516,0.0,0.07345876625186021,-0.09759655574398418,0.13581283526332083,-0.036225296208212354,0.0,0.0754497495629845,1.7987781501517222,1.4235592481446273,0.16648738723742945,1.4196626841448392,0.0
8475692,0.2593394305267184,0.6574733546834288,0.0,0.0,8.783333333333333,1.1,2.216666666666667,12.1,0.0,1.7722021942686552,1.4103339962085033,0.16467595176798167,1.3888759342685528,0.0,-0.026575955883066937,0.013225251936124005,-0.0018114354694477863,0.03078674987628638,0.0,0.01562461045989566,1.7987781501517222,1.4235592481446273,0.16648738723742945,1.4196626841448392,0.0
8475753,0.0066333297553783,0.74433757776114,0.0,0.0,17.266666666666666,0.5833333333333334,1.2166666666666666,19.066666666666663,0.0,1.7389552981756102,1.4008864278547288,0.16552184315237395,1.4025977449150395,0.0,-0.059822851976111924,0.022672820289898477,-0.000965544085055503,0.01706493922979968,0.0,-0.02105063654146927,1.7987781501517222,1.4235592481446273,0.16648738723742945,1.4196626841448392,0.0
8475754,2.6274091039554435,1.1987190665526746,4.354101682410519,7.374020216903762,26.383333333333333,1.7,4.633333333333333,32.71666666666667,0.0,1.8403107088026196,1.412289830816949,0.23648683956578984,1.6833312719286846,0.0,0.041532558650897444,0.011269417327678388,0.06999945232836038,-0.2636685877838454,0.0,-0.14086715947690917,1.7987781501517222,1.4235592481446273,0.16648738723742945,1.4196626841448392,0.0
8475760,0.3136254626618333,1.772629094018033,0.0,0.0,14.083333333333334,0.45,1.8333333333333333,16.366666666666667,0.0,1.7580923332955394,1.4331220304355343,0.1657415502612538,1.394104108816536,0.0,-0.04068581685618278,-0.009562782290907013,-0.00074583697617564,0.02555857532830319,0.0,-0.02543586079496224,1.7987781501517222,1.4235592481446273,0.16648738723742945,1.4196626841448392,0.0
8475764,1.167838820043554,1.949996945594773,0.0,0.0,19.7,0.0,0.0,19.7,0.0,1.7748614582080413,1.4435146505686562,0.16648738723742945,1.4196626841448392,0.0,-0.023916691943680846,-0.019955402424028934,0.0,0.0,0.0,-0.04387209436770978,1.7987781501517222,1.4235592481446273,0.16648738723742945,1.4196626841448392,0.0
8475768,0.4412932780454963,0.2847768534958511,0.0,0.0,19.883333333333333,0.0,0.5666666666666667,20.45,0.0,1.7468601091674394,1.3800056496829216,0.16648738723742945,1.4116632590104468,0.0,-0.051918040984282765,0.0435535984617057,0.0,0.007999425134392446,0.0,-0.0003650173881846186,1.7987781501517222,1.4235592481446273,0.16648738723742945,1.4196626841448392,0.0
8475791,0.6576984772990377,0.2400123211596982,0.0,0.0,9.283333333333331,0.5666666666666667,2.083333333333333,11.933333333333334,0.0,1.7779782883269704,1.4019852834775919,0.16554927468090433,1.3906899763051488,0.0,-0.020799861824751797,0.021573964667035428,-0.0009381125565251225,0.028972707839690415,0.0,0.028808698125448923,1.7987781501517222,1.4235592481446273,0.16648738723742945,1.4196626841448392,0.0
8475798,1.2415114298669827,2.422780926442808,0.0,0.0,10.8,0.0833333333333333,1.65,12.533333333333331,0.0,1.7869956901300401,1.4446860964719968,0.16634876326803943,1.3966184792374217,0.0,-0.01178246002168204,-0.02112684832736944,-0.0001386239693900171,0.023044204907417543,0.0,-0.010003727411023955,1.7987781501517222,1.4235592481446273,0.16648738723742945,1.4196626841448392,0.0
8475799,1.8164978739401656,0.0403620116657402,0.0,0.1084519821134454,12.683333333333334,0.45,1.8333333333333333,14.966666666666669,0.0,1.799216520484384,1.3893401688897127,0.1657415502612538,1.3960565994928829,0.0,0.00043837033266180825,0.03421907925491463,-0.00074583697617564,0.02360608465195635,0.0,0.05751769726335715,1.7987781501517222,1.4235592481446273,0.16648738723742945,1.4196626841448392,0.0
8475809,1.0465699348879447,5.0,0.0,3.809894562439736,18.73333333333333,5.033333333333333,7.2,30.96666666666667,0.0,1.7716131959698531,1.5527174349164252,0.1585090960686412,1.5802006461198697,0.0,-0.02716495418186904,-0.1291581867717979,-0.00797829116878826,-0.16053796197503045,0.0,-0.32483939409748563,1.7987781501517222,1.4235592481446273,0.16648738723742945,1.4196626841448392,0.0
8475842,2.1660234220562318,2.6802955950503957,0.0,0.0,19.816666666666663,0.75,0.3333333333333333,20.9,0.0,1.812778426797157,1.4714690726491308,0.16524802703466943,1.414946196822099,0.0,0.014000276645434795,-0.04790982450450354,-0.001239360202760026,0.004716487322740104,0.0,-0.030432420739088667,1.7987781501517222,1.4235592481446273,0.16648738723742945,1.4196626841448392,0.0
8475852,1.5553612878588083,4.263055891418374,0.0,0.0,28.85,2.033333333333333,4.333333333333333,35.21666666666667,0.0,1.7854991930237074,1.578460407563078,0.16316960526373353,1.3606990582857883,0.0,-0.013278957128014746,-0.15490115941845062,-0.0033177819736959213,0.058963625859050905,0.0,-0.11253427266111038,1.7987781501517222,1.4235592481446273,0.16648738723742945,1.4196626841448392,0.0
8475883,2.3483369726394296,2.4289442421411778,0.0,0.5459977331176257,22.433333333333334,1.45,5.383333333333334,29.266666666666666,0.0,1.8223762543777307,1.4667305683104972,0.16410782379243907,1.3750329547154876,0.0,0.0235981042260085,-0.043171320165869886,-0.002379563444990379,0.04462972942935162,0.0,0.02267695004449985,1.7987781501517222,1.4235592481446273,0.16648738723742945,1.4196626841448392,0.0
8475913,1.6832634449225068,0.8489455629098898,0.0,0.0,27.1,0.0,0.0,27.1,0.0,1.792839147094026,1.3940164083232245,0.16648738723742945,1.4196626841448392,0.0,-0.005939003057696235,0.029542839821402822,0.0,0.0,0.0,0.023603836763706587,1.7987781501517222,1.4235592481446273,0.16648738723742945,1.4196626841448392,0.0
8476312,1.5058502904994886,3.116933799113665,0.0,1.5392763792772302,20.48333333333333,6.050000000000001,7.916666666666666,34.45,0.0,1.7872501364621196,1.490201065786593,0.15698952120455395,1.428437433980806,0.0,-0.011528013689602545,-0.06664181764196564,-0.009497866032875502,-0.008774749835966711,0.0,-0.0964424472004104,1.7987781501517222,1.4235592481446273,0.16648738723742945,1.4196626841448392,0.0
8476331,1.923810278680331,0.0427792352056104,0.0,0.0,11.966666666666669,0.0,0.0,11.966666666666669,0.0,1.8017006408178962,1.3912850099360778,0.16648738723742945,1.4196626841448392,0.0,0.0029224906661740047,0.032274238208549466,0.0,0.0,0.0,0.03519672887472347,1.7987781501517222,1.4235592481446273,0.16648738723742945,1.4196626841448392,0.0
8476374,2.2140523833234598,0.0,0.0,0.0,19.55,0.9333333333333332,0.0,20.48333333333333,0.0,1.8144043868151953,1.3699925398370008,0.16494787374910447,1.4196626841448392,0.0,0.01562623666347318,0.053566708307626554,-0.001539513488324984,0.0,0.0,0.06765343148277475,1.7987781501517222,1.4235592481446273,0.16648738723742945,1.4196626841448392,0.0
8476389,1.2894010284837607,4.7056727646454375,0.0,0.0,19.35,0.0,0.1166666666666666,19.46666666666667,0.0,1.7797997207606082,1.545844598186585,0.16648738723742945,1.4180083410802458,0.0,-0.018978429391113938,-0.12228535004195762,0.0,0.0016543430645934443,0.0,-0.1396094363684781,1.7987781501517222,1.4235592481446273,0.16648738723742945,1.4196626841448392,0.0
8476392,1.1739075446609282,0.2225134474804778,0.0,0.0,19.85,0.0,0.0,19.85,0.0,1.7749180337354629,1.3776984053184593,0.16648738723742945,1.4196626841448392,0.0,-0.02386011641625929,0.04586084282616798,0.0,0.0,0.0,0.02200072640990869,1.7987781501517222,1.4235592481446273,0.16648738723742945,1.4196626841448392,0.0
8476412,0.6929980420953772,1.7842872823532072,0.0,4.172120562621526,56.06666666666667,2.6166666666666667,2.333333333333333,61.01666666666667,0.0,1.6872853949814324,1.4599304598421954,0.1622420535040729,1.4824223100384446,0.0,-0.11149275517028978,-0.03637121169756807,-0.00424533373335656,-0.0627596258936054,0.0,-0.2148689264948198,1.7987781501517222,1.4235592481446273,0.16648738723742945,1.4196626841448392,0.0
8476419,0.4597230998695998,0.8222508418685841,0.0,0.0,18.95,0.9,2.05,21.9,0.0,1.7498811596847286,1.4016018451213474,0.16500236594393403,1.3911442274814692,0.0,-0.048896990466993584,0.021957403023279864,-0.0014850212934954254,0.02851845666337005,0.0,9.384792616090598e-05,1.7987781501517222,1.4235592481446273,0.16648738723742945,1.4196626841448392,0.0
8476429,0.6807949467352231,1.022865653396696,0.0,0.0,15.233333333333333,0.2666666666666666,2.3833333333333333,17.883333333333333,0.0,1.7657239789696466,1.4117123844065276,0.16604460163307458,1.3866150260245864,0.0,-0.03305417118207554,0.011846863738099733,-0.0004427856043548728,0.03304765812025279,0.0,0.011397565071922106,1.7987781501517222,1.4235592481446273,0.16648738723742945,1.4196626841448392,0.0
8476438,1.2390731565061617,0.7982982949099757,0.0,3.435863992747138,14.666666666666666,2.566666666666667,2.833333333333333,20.066666666666663,0.0,1.7828280078457608,1.4057409308244688,0.16232114452788052,1.4752144219831522,0.0,-0.015950142305961368,0.017818317320158483,-0.004166242709548934,-0.05555173783831302,0.0,-0.05784980553366484,1.7987781501517222,1.4235592481446273,0.16648738723742945,1.4196626841448392,0.0
8476441,1.2312931223226895,1.4211344577779996,0.0,2.3236109190311574,34.233333333333334,5.116666666666667,5.7333333333333325,45.083333333333336,0.0,1.7624140693143593,1.4234038691150819,0.15838343482235243,1.4686787927200116,0.0,-0.03636408083736287,0.0001553790295454327,-0.008103952415077026,-0.04901610857517236,0.0,-0.09332876279806682,1.7987781501517222,1.4235592481446273,0.16648738723742945,1.4196626841448392,0.0
8476442,0.9538455321811712,1.922518228753828,0.0,0.0,8.666666666666666,0.9333333333333332,0.5833333333333334,10.183333333333334,0.0,1.7843821815624465,1.4320605151799084,0.16494787374910447,1.4114293462914724,0.0,-0.01439596858927561,-0.00850126703528109,-0.001539513488324984,0.008233337853366773,0.0,-0.01620341125951491,1.7987781501517222,1.4235592481446273,0.16648738723742945,1.4196626841448392,0.0
8476448,2.6391792750956085,0.1140052386648349,0.0,0.3703013193957946,13.633333333333333,2.566666666666667,2.833333333333333,19.03333333333333,0.0,1.8210848579265324,1.3887998484511213,0.16232114452788052,1.3907499723122076,0.0,0.022306707774810253,0.034759399693506055,-0.004166242709548934,0.028912711832631555,0.0,0.08181257659139893,1.7987781501517222,1.4235592481446273,0.16648738723742945,1.4196626841448392,0.0
8476453,1.6969273311232551,0.6825354763396498,0.0,0.0,19.7,2.033333333333333,1.1833333333333331,22.916666666666664,0.0,1.7949173436578587,1.395469642016942,0.16316960526373353,1.4030598097297045,0.0,-0.0038608064938634445,0.028089606127685407,-0.0033177819736959213,0.01660287441513475,0.0,0.03751389207526079,1.7987781501517222,1.4235592481446273,0.16648738723742945,1.4196626841448392,0.0
8476455,1.745901039697371,0.4932122664396443,0.0,0.0,12.3,0.6,0.95,13.85,0.0,1.7975086040681998,1.4012222036883102,0.16549442071315054,1.4063028074738377,0.0,-0.001269546083522366,0.022337044456317123,-0.0009929665242789099,0.01335987667100147,0.0,0.03343440851951732,1.7987781501517222,1.4235592481446273,0.16648738723742945,1.4196626841448392,0.0
8476457,2.2416470779312982,0.1580619149737886,0.0,0.0,12.15,0.0,0.0,12.15,0.0,1.8092845593531706,1.3935371987488923,0.16648738723742945,1.4196626841448392,0.0,0.010506409201448408,0.03002204939573505,0.0,0.0,0.0,0.04052845859718346,1.7987781501517222,1.4235592481446273,0.16648738723742945,1.4196626841448392,0.0
8476459,5.0,2.15450851311842,0.0,0.0,14.3,1.2333333333333334,1.9666666666666663,17.5,0.0,1.8877874296633506,1.4438831339877642,0.1644590588450077,1.3922811547677403,0.0,0.0890092795116284,-0.020323885843136935,-0.0020283283924217577,0.027381529377098923,0.0,0.09403859465316863,1.7987781501517222,1.4235592481446273,0.16648738723742945,1.4196626841448392,0.0
8476460,1.5638264779376747,0.0377340182771846,0.0,0.1084519821134454,13.566666666666666,0.45,1.8333333333333333,15.85,0.0,1.792571534289379,1.3869505074062582,0.1657415502612538,1.3960565994928829,0.0,-0.006206615862343057,0.03660874073836906,-0.00074583697617564,0.02360608465195635,0.0,0.053262372551806714,1.7987781501517222,1.4235592481446273,0.16648738723742945,1.4196626841448392,0.0
8476468,3.3322843181493043,2.932706672483055,0.0,0.0,17.466666666666665,0.75,0.3333333333333333,18.55,0.0,1.8505404042119342,1.4744992926146954,0.16524802703466943,1.414946196822099,0.0,0.051762254060212065,-0.05094004447006806,-0.001239360202760026,0.004716487322740104,0.0,0.004299336710124085,1.7987781501517222,1.4235592481446273,0.16648738723742945,1.4196626841448392,0.0
8476469,2.911479968335798,2.4734245033945403,0.0,4.384194180931535,21.95,4.666666666666667,4.0,30.616666666666667,0.0,1.8455715305696558,1.4677101100140315,0.15906438271091985,1.533683126328943,0.0,0.04679338041793368,-0.0441508618694042,-0.007423004526509597,-0.11402044218410379,0.0,-0.1188009281620839,1.7987781501517222,1.4235592481446273,0.16648738723742945,1.4196626841448392,0.0
8476473,2.2642697335292885,3.2361774372741667,0.0,2.7707360936613337,22.45,1.25,6.466666666666667,30.166666666666664,0.0,1.8187806117209178,1.5014485741010979,0.16443198739499204,1.501725377146154,0.0,0.020002461569195606,-0.07788932595647058,-0.002055399842437411,-0.08206269300131486,0.0,-0.14200495723102724,1.7987781501517222,1.4235592481446273,0.16648738723742945,1.4196626841448392,0.0
8476479,1.4006439834883584,1.3295830499747152,0.0,8.061513254907332,7.5,2.466666666666667,2.0166666666666666,11.983333333333334,0.0,1.7928943939941355,1.4221704373342345,0.1624795581367236,1.5509588643543248,0.0,-0.005883756157586628,0.001388810810392771,-0.004007829100705851,-0.13129618020948564,0.0,-0.13979895465738534,1.7987781501517222,1.4235592481446273,0.16648738723742945,1.4196626841448392,0.0
8476480,1.499098630524112,0.184307596889935,0.0,0.1084519821134454,17.516666666666666,0.45,1.8333333333333333,19.8,0.0,1.7886347352817142,1.3816136268935024,0.1657415502612538,1.3960565994928829,0.0,-0.010143414870007916,0.04194562125112489,-0.00074583697617564,0.02360608465195635,0.0,0.05466245405689768,1.7987781501517222,1.4235592481446273,0.16648738723742945,1.4196626841448392,0.0
8476483,2.877416771624914,1.851191315460512,0.0,4.118615932814814,17.633333333333333,1.2333333333333334,1.9666666666666663,20.83333333333333,0.0,1.835522295348407,1.438126661603968,0.1644590588450077,1.4717183368651818,0.0,0.036744145196684785,-0.014567413459340761,-0.0020283283924217577,-0.05205565272034263,0.0,-0.03190724937542036,1.7987781501517222,1.4235592481446273,0.16648738723742945,1.4196626841448392,0.0
8476525,0.2621983665098897,0.2608403204915355,0.0,0.1084519821134454,18.7,0.45,1.8333333333333333,20.98333333333333,0.0,1.7433818865039443,1.3816412918170526,0.1657415502612538,1.3960565994928829,0.0,-0.05539626364777783,0.04191795632757467,-0.00074583697617564,0.02360608465195635,0.0,0.009381940355577545,1.7987781501517222,1.4235592481446273,0.16648738723742945,1.4196626841448392,0.0
8476822,1.467696754387141,0.601805753237463,0.0,0.0,11.15,0.0,0.0,11.15,0.0,1.7915560870337037,1.4056338808978017,0.16648738723742945,1.4196626841448392,0.0,-0.007222063118018429,0.017925367246825585,0.0,0.0,0.0,0.010703304128807156,1.7987781501517222,1.4235592481446273,0.16648738723742945,1.4196626841448392,0.0
8476871,0.8600281710875354,0.0,0.0,0.0,13.633333333333333,0.05,1.1,14.783333333333331,0.0,1.7738609756798387,1.3857738154435337,0.16640418514485703,1.404216304792126,0.0,-0.024917174471883463,0.03778543270109358,-8.320209257242639e-05,0.015446379352713313,0.0,0.028231435489351003,1.7987781501517222,1.4235592481446273,0.16648738723742945,1.4196626841448392,0.0
8476874,0.1680060360953839,0.3499473745346461,0.0,0.0,9.816666666666666,0.45,1.8333333333333333,12.1,0.0,1.7673771636801416,1.4028865424806214,0.1657415502612538,1.394104108816536,0.0,-0.031400986471580516,0.02067270566400592,-0.00074583697617564,0.02555857532830319,0.0,0.014084457544552953,1.7987781501517222,1.4235592481446273,0.16648738723742945,1.4196626841448392,0.0
8476878,1.856104177760049,0.4102625492357508,0.0,0.0,10.816666666666666,0.0,0.0,10.816666666666666,0.0,1.799992042674082,1.4021024450648578,0.16648738723742945,1.4196626841448392,0.0,0.0012138925223599273,0.021456803079769493,0.0,0.0,0.0,0.02267069560212942,1.7987781501517222,1.4235592481446273,0.16648738723742945,1.4196626841448392,0.0
8476879,0.2210488252138665,2.831894427124312,0.0,6.606905608165463,19.566666666666663,1.9,2.916666666666667,24.383333333333333,0.0,1.7393615136123932,1.47659657091752,0.16338310818197196,1.5666695686312535,0.0,-0.05941663653932894,-0.05303732277289264,-0.0031042790554574873,-0.1470068844864143,0.0,-0.2625651228540934,1.7987781501517222,1.4235592481446273,0.16648738723742945,1.4196626841448392,0.0
8476881,1.1012680745065435,0.1075767815706886,0.0,0.0,13.383333333333333,1.5,1.6166666666666667,16.5,0.0,1.780594837138604,1.3892530467792126,0.1640269824999305,1.3970766122468485,0.0,-0.018183313013118152,0.034306201365414735,-0.00246040473749895,0.022586071897990667,0.0,0.0362485555127883,1.7987781501517222,1.4235592481446273,0.16648738723742945,1.4196626841448392,0.0
8476882,2.975594699461771,1.5818715609091731,0.0,0.0,14.016666666666666,2.3,5.633333333333333,21.95,0.0,1.8308686374241763,1.427876250026375,0.16274426904929565,1.3439533141162885,0.0,0.032090487272454116,-0.004317001881747773,-0.003743118188133804,0.07570937002855072,0.0,0.09973973723112325,1.7987781501517222,1.4235592481446273,0.16648738723742945,1.4196626841448392,0.0
8476889,0.0113776980572384,0.547451094187648,0.0,0.0,10.066666666666666,0.05,1.1,11.216666666666669,0.0,1.7635020466010403,1.4062683931913527,0.16640418514485703,1.404216304792126,0.0,-0.03527610355068189,0.017290854953274648,-8.320209257242639e-05,0.015446379352713313,0.0,-0.0026220713372663573,1.7987781501517222,1.4235592481446273,0.16648738723742945,1.4196626841448392,0.0
8476891,2.795424678079262,3.2808853156637605,0.0,0.0,5.6,1.4666666666666668,3.216666666666667,10.283333333333331,0.0,1.809816956631932,1.444130897626643,0.16408086784240747,1.375420007245121,0.0,0.011038806480209828,-0.02057164948201562,-0.002406519395021983,0.04424267689971817,0.0,0.032303314502890396,1.7987781501517222,1.4235592481446273,0.16648738723742945,1.4196626841448392,0.0
8476892,0.8951916247026465,1.5434546780261549,0.0,0.0,25.7,0.45,0.0,26.15,0.0,1.7546043367523665,1.4294205997671403,0.1657415502612538,1.4196626841448392,0.0,-0.044173813399355666,-0.005861351622513,-0.00074583697617564,0.0,0.0,-0.050781001998044306,1.7987781501517222,1.4235592481446273,0.16648738723742945,1.4196626841448392,0.0
8476897,0.2838561017837528,0.7462731276054093,0.0,0.0,19.883333333333333,1.0666666666666669,1.2166666666666666,22.166666666666664,0.0,1.7408388046670624,1.397655925546503,0.16473026441698166,1.4025977449150395,0.0,-0.05793934548465973,0.025903322598124223,-0.0017571228204477929,0.01706493922979968,0.0,-0.01672820647718362,1.7987781501517222,1.4235592481446273,0.16648738723742945,1.4196626841448392,0.0
8476906,4.837398880189008,4.311587893136657,0.0,0.0,8.416666666666666,1.4666666666666666,0.6166666666666667,10.5,0.0,1.8490814928387844,1.4713695895877015,0.16408086784240747,1.4109617533326213,0.0,0.05030334268706227,-0.04781034144307417,-0.002406519395021983,0.0087009308122179,0.0,0.008787412661184019,1.7987781501517222,1.4235592481446273,0.16648738723742945,1.4196626841448392,0.0
8476914,1.7751326086670591,1.9163526331614005,0.0,12.0,23.133333333333333,0.65,2.283333333333333,26.066666666666663,0.0,1.7977325272518652,1.4453509270793565,0.16541220788616934,1.655854017413889,0.0,-0.0010456228998569905,-0.02179167893472922,-0.0010751793512601138,-0.23619133326904973,0.0,-0.26010381445489605,1.7987781501517222,1.4235592481446273,0.16648738723742945,1.4196626841448392,0.0
8476917,1.761544098851695,0.6195488450659908,3.127594166238542,4.73024770617485,25.15,2.3666666666666667,4.0,31.516666666666666,0.0,1.7969949712691253,1.3850543226234855,0.23494671035989087,1.5469928772998396,0.0,-0.0017831788825968253,0.03850492552114182,0.06845932312246142,-0.12733019315500038,0.0,-0.02214912339399397,1.7987781501517222,1.4235592481446273,0.16648738723742945,1.4196626841448392,0.0
8476921,2.269536981846662,2.793573025839041,0.0,0.0,12.416666666666666,1.8666666666666667,0.6166666666666667,14.9,0.0,1.810185381558869,1.4567568498483952,0.16343657124093205,1.4109617533326213,0.0,0.011407231407146945,-0.03319760170376784,-0.003050815996497397,0.0087009308122179,0.0,-0.016140255480900395,1.7987781501517222,1.4235592481446273,0.16648738723742945,1.4196626841448392,0.0
8476923,0.0,5.0,0.0,0.0,7.2,1.6833333333333331,3.083333333333333,11.966666666666669,0.0,1.7732434445501992,1.4743289118144984,0.1637312446196651,1.3771990468664568,0.0,-0.025534705601522933,-0.05076966366987112,-0.0027561426177643567,0.04246363727838243,0.0,-0.03659687461077599,1.7987781501517222,1.4235592481446273,0.16648738723742945,1.4196626841448392,0.0
8476931,0.5777386090029841,1.0376802593351826,0.0,0.0,21.08333333333333,0.0,0.0,21.08333333333333,0.0,1.7493741834300476,1.4079463608635159,0.16648738723742945,1.4196626841448392,0.0,-0.049403966721674575,0.015612887281111432,0.0,0.0,0.0,-0.03379107944056314,1.7987781501517222,1.4235592481446273,0.16648738723742945,1.4196626841448392,0.0
8476945,0.1432376675475375,0.501555177985669,0.0,0.086447232119413,23.98333333333333,1.75,2.3,28.03333333333333,0.0,1.7230021154665407,1.381358037643061,0.16362396780091348,1.3896881431902108,0.0,-0.07577603468518146,0.04220121050156633,-0.002863419436515968,0.02997454095462837,0.0,-0.006463702665502724,1.7987781501517222,1.4235592481446273,0.16648738723742945,1.4196626841448392,0.0
8476958,1.545851792473895,2.2415787256055664,0.0,0.0,14.816666666666666,1.4666666666666666,2.7,18.98333333333333,0.0,1.7914988101933034,1.4471022348215274,0.16408086784240747,1.3823395171809534,0.0,-0.0072793399584187846,-0.023542986676900135,-0.002406519395021983,0.03732316696388582,0.0,0.0040943209335449204,1.7987781501517222,1.4235592481446273,0.16648738723742945,1.4196626841448392,0.0
8477070,0.1332759735162084,0.8073093705563238,0.0,0.0,32.56666666666667,0.45,1.8333333333333333,34.85,0.0,1.6969320196783604,1.3858753193467443,0.1657415502612538,1.394104108816536,0.0,-0.10184613047336177,0.03768392879788296,-0.00074583697617564,0.02555857532830319,0.0,-0.039349463323351264,1.7987781501517222,1.4235592481446273,0.16648738723742945,1.4196626841448392,0.0
8477369,4.76781690673827,3.1649052125963157,0.0,0.0,9.683333333333334,0.75,0.3333333333333333,10.766666666666667,0.0,1.855186100106818,1.456642600727814,0.16524802703466943,1.414946196822099,0.0,0.05640794995509579,-0.03308335258318662,-0.001239360202760026,0.004716487322740104,0.0,0.02680172449188925,1.7987781501517222,1.4235592481446273,0.16648738723742945,1.4196626841448392,0.0
8477401,0.0458948938374185,1.265297338683554,0.0,0.0,9.4,0.1333333333333333,1.95,11.483333333333334,0.0,1.7664320515860479,1.4206388281427935,0.1662656996379122,1.392508763261245,0.0,-0.032346098565674275,0.00292042000183379,-0.0002216875995172396,0.02715392088359425,0.0,-0.002493445279763473,1.7987781501517222,1.4235592481446273,0.16648738723742945,1.4196626841448392,0.0
8477402,0.0510964363526836,0.6764452345669268,0.0,0.0,17.333333333333332,0.0,0.0,17.333333333333332,0.0,1.7402218040708262,1.3985270775866114,0.16648738723742945,1.4196626841448392,0.0,-0.05855634608089599,0.025032170558015876,0.0,0.0,0.0,-0.03352417552288012,1.7987781501517222,1.4235592481446273,0.16648738723742945,1.4196626841448392,0.0
8477404,1.1966834376965252,0.8593987573736481,0.0,0.0,11.2,2.1666666666666665,1.1833333333333331,14.55,0.0,1.7855867167019996,1.4111989244031662,0.16295665961249212,1.4030598097297045,0.0,-0.013191433449722512,0.012360323741461121,-0.0035307276249373354,0.01660287441513475,0.0,0.012241037081936024,1.7987781501517222,1.4235592481446273,0.16648738723742945,1.4196626841448392,0.0
8477407,1.1178050676117772,1.3549263872530146,0.0,0.0,11.5,0.2666666666666666,0.3333333333333333,12.1,0.0,1.783467904894226,1.4220161828459887,0.16604460163307458,1.414946196822099,0.0,-0.015310245257496247,0.0015430652986385684,-0.0004427856043548728,0.004716487322740104,0.0,-0.009493478240472447,1.7987781501517222,1.4235592481446273,0.16648738723742945,1.4196626841448392,0.0
8477409,4.806652788014894,1.900302559664652,7.2080376087713,3.2584500933064984,23.933333333333334,1.9666666666666663,4.15,30.05,0.0,1.9361782004116639,1.4453369359974955,0.3023002225007503,1.4929316975679874,0.0,0.13740005025994173,-0.021777687852868155,0.13581283526332083,-0.07326901342314818,0.0,0.17816618424724623,1.7987781501517222,1.4235592481446273,0.16648738723742945,1.4196626841448392,0.0
8477444,1.4966479924174436,2.14964440677724,0.0,0.0,27.883333333333333,0.7166666666666667,1.4833333333333334,30.083333333333336,0.0,1.782819328635306,1.4619118030144649,0.1653027177601484,1.3989121538625449,0.0,-0.015958821516416144,-0.038352554869837574,-0.0011846694772810473,0.020750530282294344,0.0,-0.03474551558124042,1.7987781501517222,1.4235592481446273,0.16648738723742945,1.4196626841448392,0.0
8477450,1.3175730644142092,2.362489911957802,0.0,0.0,17.85,2.183333333333333,2.1,22.133333333333333,0.0,1.7821912798602968,1.4559236632244095,0.16293008048027674,1.390462961944015,0.0,-0.01658687029142536,-0.03236441507978216,-0.0035573067571527117,0.02919972220082423,0.0,-0.023308869927536002,1.7987781501517222,1.4235592481446273,0.16648738723742945,1.4196626841448392,0.0
8477451,0.6549980977307195,1.9946858286857607,0.0,0.0,10.35,0.0,0.0,10.35,0.0,1.7755820620894953,1.4351418093449815,0.16648738723742945,1.4196626841448392,0.0,-0.02319608806222684,-0.011582561200354169,0.0,0.0,0.0,-0.03477864926258101,1.7987781501517222,1.4235592481446273,0.16648738723742945,1.4196626841448392,0.0
8477476,2.5499202759482764,3.937504384166453,0.0,1.8557265993824477,9.7,6.199999999999999,6.566666666666667,22.46666666666667,0.0,1.8130729875467124,1.4714016413551663,0.1567677845926831,1.4465330599039288,0.0,0.014294837394990267,-0.04784239321053896,-0.009719602644746361,-0.02687037575908957,0.0,-0.07013753421938462,1.7987781501517222,1.4235592481446273,0.16648738723742945,1.4196626841448392,0.0
8477479,1.9553742870890751,3.1838032917618557,0.0,0.0,26.166666666666668,1.6166666666666667,5.15,32.93333333333334,0.0,1.8065657945923825,1.5110975170226462,0.16383866219855286,1.3501309406988484,0.0,0.0077876444406603795,-0.08753826887801885,-0.002648725038876587,0.06953174344599078,0.0,-0.012867606030244283,1.7987781501517222,1.4235592481446273,0.16648738723742945,1.4196626841448392,0.0
8477492,2.887855920564004,2.1755821606027634,0.0,1.8279052551725905,17.183333333333334,4.616666666666667,6.216666666666667,28.01666666666667,0.0,1.8349625844688588,1.448545088844068,0.15914040519747916,1.4435563729873546,0.0,0.03618443431713669,-0.024985840699440764,-0.007346982039950295,-0.023893688842515415,0.0,-0.02004207726476978,1.7987781501517222,1.4235592481446273,0.16648738723742945,1.4196626841448392,0.0
8477495,3.044251283739107,1.7815784026936574,0.0,0.0,18.133333333333333,2.75,3.033333333333333,23.916666666666668,0.0,1.8423665048012032,1.436088997248762,0.1620315204257221,1.3778673738060556,0.0,0.043588354649481076,-0.012529749104134735,-0.004455866811707343,0.04179531033878359,0.0,0.06839804907242258,1.7987781501517222,1.4235592481446273,0.16648738723742945,1.4196626841448392,0.0
8477500,1.567327580737316,0.925464282053484,5.0467996773394646,3.697913516227896,34.88333333333333,1.4666666666666666,5.116666666666666,41.46666666666667,0.0,1.7836837045784084,1.3910751312335015,0.23703066606939052,1.5305589907009671,0.0,-0.015094445573313742,0.03248411691112585,0.07054327883196107,-0.11089630655612792,0.0,-0.022963356386354744,1.7987781501517222,1.4235592481446273,0.16648738723742945,1.4196626841448392,0.0
8477501,2.985812379370593,1.8601421067688289,0.0,0.0,12.816666666666666,0.8833333333333333,2.533333333333333,16.233333333333334,0.0,1.8284453256292907,1.4344706270741345,0.16502962554511427,1.384586492989115,0.0,0.029667175477568586,-0.01091137892950722,-0.0014577616923151793,0.035076191155724246,0.0,0.05237422601147043,1.7987781501517222,1.4235592481446273,0.16648738723742945,1.4196626841448392,0.0
8477503,0.785499975203835,1.302240223720156,0.0,0.0,12.566666666666666,0.0,0.0,12.566666666666666,0.0,1.7739354713486164,1.4205848531255711,0.16648738723742945,1.4196626841448392,0.0,-0.024842678803105755,0.002974395019056164,0.0,0.0,0.0,-0.02186828378404959,1.7987781501517222,1.4235592481446273,0.16648738723742945,1.4196626841448392,0.0
8477504,2.678982329590051,0.0,0.0,0.1084519821134454,8.6,0.45,1.8333333333333333,10.883333333333333,0.0,1.8136616655728184,1.3994880536223233,0.1657415502612538,1.3960565994928829,0.0,0.014883515421096227,0.024071194522303996,-0.00074583697617564,0.02360608465195635,0.0,0.06181495761918093,1.7987781501517222,1.4235592481446273,0.16648738723742945,1.4196626841448392,0.0
8477505,1.2155643850564952,1.973079752228032,0.0,0.0,12.166666666666666,0.0,0.0,12.166666666666666,0.0,1.7849237392008757,1.4366132659767423,0.16648738723742945,1.4196626841448392,0.0,-0.013854410950846496,-0.013054017832115017,0.0,0.0,0.0,-0.026908428782961513,1.7987781501517222,1.4235592481446273,0.16648738723742945,1.4196626841448392,0.0
8477506,1.485374990821354,1.046578681433764,6.168310716748235,4.220295351234066,25.4,1.2,4.483333333333333,31.08333333333333,0.0,1.7836269505952103,1.405334454854837,0.23765525280475125,1.539836585476312,0.0,-0.015151199556511896,0.01822479328979032,0.0711678655673218,-0.12017390133147288,0.0,-0.045932442030872656,1.7987781501517222,1.4235592481446273,0.16648738723742945,1.4196626841448392,0.0
8477507,3.603930383146104,0.2597213446134977,0.0,12.0,13.466666666666669,0.0,2.1666666666666665,15.633333333333333,0.0,1.8461217947979003,1.393035324941136,0.16648738723742945,1.6440417789345898,0.0,0.04734364464617813,0.030523923203491288,0.0,-0.2243790947897506,0.0,-0.14651152694008118,1.7987781501517222,1.4235592481446273,0.16648738723742945,1.4196626841448392,0.0
8477511,3.345757295972681,3.698697654823557,0.0,4.418151637019527,16.716666666666665,1.2333333333333334,1.8333333333333333,19.78333333333333,0.0,1.8488255676035306,1.4971638613078362,0.1644590588450077,1.473645300317706,0.0,0.05004741745180841,-0.07360461316320888,-0.0020283283924217577,-0.053982616172866704,0.0,-0.07956814027668893,1.7987781501517222,1.4235592481446273,0.16648738723742945,1.4196626841448392,0.0
8477839,3.367954112660327,2.6444379207691715,0.0,0.0,11.433333333333334,0.75,0.3333333333333333,12.516666666666667,0.0,1.833857818739381,1.4508525665771517,0.16524802703466943,1.414946196822099,0.0,0.035079668587658874,-0.02729331843252436,-0.001239360202760026,0.004716487322740104,0.0,0.011263477275114592,1.7987781501517222,1.4235592481446273,0.16648738723742945,1.4196626841448392,0.0
8477919,4.169022802795683,0.0991627361093245,0.0,0.0,7.0,3.45,5.2,15.65,0.0,1.831503421490002,1.4052736947240216,0.16093512541075827,1.3494892434836876,0.0,0.03272527133827974,0.01828555342060567,-0.005552261826671179,0.07017344066115161,0.0,0.11563200359336584,1.7987781501517222,1.4235592481446273,0.16648738723742945,1.4196626841448392,0.0
8477932,3.212936837510532,1.9972702513303071,12.0,0.2232001316656617,22.633333333333333,0.9,5.25,28.78333333333333,0.0,1.860020177622647,1.4484045680733904,0.27203903591420164,1.3599816542111984,0.0,0.06124202747092489,-0.024845319928763043,0.10555164867677219,0.05968102993364077,0.0,0.2016293861525748,1.7987781501517222,1.4235592481446273,0.16648738723742945,1.4196626841448392,0.0
8477933,3.8670889008879152,1.9585650921014184,0.0,0.0,9.633333333333333,0.0,2.433333333333333,12.066666666666666,0.0,1.8378743504894002,1.433672184824823,0.16648738723742945,1.385938188231213,0.0,0.03909620033767802,-0.01011293668019575,0.0,0.03372449591362625,0.0,0.06270775957110852,1.7987781501517222,1.4235592481446273,0.16648738723742945,1.4196626841448392,0.0
8477935,3.367875894344773,1.8532173288744216,11.34064583780018,2.091118745446696,22.28333333333333,1.25,6.466666666666667,30.0,0.0,1.8657240506522843,1.4418907046955332,0.3044399607011671,1.4604461769101993,0.0,0.06694590050056215,-0.018331456550905845,0.13795257346373763,-0.040783492765360085,0.0,0.14578352464803385,1.7987781501517222,1.4235592481446273,0.16648738723742945,1.4196626841448392,0.0
8477942,3.354387394500596,1.7544299372854744,0.0,1.2865820153178895,24.316666666666663,9.0,7.816666666666666,41.13333333333333,0.0,1.8709239236189341,1.4389043110982018,0.15274072223617383,1.4100143870850403,0.0,0.07214577346721196,-0.015345062953574518,-0.013746665001255626,0.00964829705979886,0.0,0.05270234257218068,1.7987781501517222,1.4235592481446273,0.16648738723742945,1.4196626841448392,0.0
8477949,1.1923321032834842,1.4387281126038158,0.0,1.186912428391606,21.1,1.3166666666666669,3.8,26.21666666666667,0.0,1.7742223804550807,1.4241734547078377,0.16432379066040084,1.4111419618725627,0.0,-0.024555769696641416,-0.0006142065632104288,-0.002163596577028609,0.008520722272276515,0.0,-0.01881285056460394,1.7987781501517222,1.4235592481446273,0.16648738723742945,1.4196626841448392,0.0
8477951,0.7127111098345589,0.1560998541604284,0.0,0.0,8.5,1.75,2.533333333333333,12.783333333333331,0.0,1.780623637186735,1.4023726112737016,0.16362396780091348,1.384586492989115,0.0,-0.018154512964987157,0.0211866368709257,-0.002863419436515968,0.035076191155724246,0.0,0.03524489562514682,1.7987781501517222,1.4235592481446273,0.16648738723742945,1.4196626841448392,0.0
8477956,5.0,0.6810041613501607,0.0,7.36448277624286,13.9,0.65,4.083333333333333,18.633333333333333,0.0,1.8853650030664741,1.403474570762952,0.16541220788616934,1.6528862105762268,0.0,0.08658685291475199,0.02008467738167541,-0.0010751793512601138,-0.23322352643138755,0.0,-0.12762717548622027,1.7987781501517222,1.4235592481446273,0.16648738723742945,1.4196626841448392,0.0
8477960,1.5588241036952473,1.160146019604845,0.0,4.009465097318671,52.266666666666666,7.783333333333333,6.15,66.2,0.0,1.776068834311322,1.398629748968482,0.1544648714124906,1.5697077603673457,0.0,-0.022709315840400146,0.024929499176145287,-0.01202251582493885,-0.1500450762225065,0.0,-0.15984740871170022,1.7987781501517222,1.4235592481446273,0.16648738723742945,1.4196626841448392,0.0
8477968,0.4123881637504786,1.7972456760583924,0.0166289921877761,3.4570242193612177,23.683333333333334,4.466666666666667,2.933333333333333,31.08333333333333,0.0,1.736079312728465,1.4404590417242544,0.16007991278412584,1.4777222097598137,0.0,-0.0626988374232571,-0.01689979357962712,-0.006407474453303613,-0.058059525614974516,0.0,-0.14406563107116235,1.7987781501517222,1.4235592481446273,0.16648738723742945,1.4196626841448392,0.0
8477969,2.042059861704342,1.609099357034223,0.0,0.0,14.966666666666669,0.9333333333333332,0.5833333333333334,16.483333333333334,0.0,1.8058487364995197,1.4289516689415351,0.16494787374910447,1.4114293462914724,0.0,0.007070586347797558,-0.005392420796907826,-0.001539513488324984,0.008233337853366773,0.0,0.008371989915931521,1.7987781501517222,1.4235592481446273,0.16648738723742945,1.4196626841448392,0.0
8477986,1.8114329304590644,1.0296013547604774,0.0,2.8707720540665287,16.733333333333334,1.1333333333333333,1.85,19.71666666666667,0.0,1.7991879488689384,1.410801741856481,0.16462167492165072,1.4460205862985471,0.0,0.0004097987172162476,0.012757506288146203,-0.001865712315778728,-0.026357902153707924,0.0,-0.015056309464124201,1.7987781501517222,1.4235592481446273,0.16648738723742945,1.4196626841448392,0.0
8477987,1.61963411600698,2.598598127483025,0.0,2.3421472861450923,35.333333333333336,1.25,7.649999999999999,44.23333333333333,0.0,1.7869541977112844,1.501114740803326,0.16443198739499204,1.485217790557305,0.0,-0.011823952440437768,-0.07755549265869877,-0.002055399842437411,-0.06555510641246576,0.0,-0.1569899513540397,1.7987781501517222,1.4235592481446273,0.16648738723742945,1.4196626841448392,0.0
8477992,0.7927049581821147,1.4291970517772894,0.0,0.0,19.5,0.4,0.4,20.3,0.0,1.761014093860274,1.4237708692626965,0.1658240908739337,1.4140066575147798,0.0,-0.03776405629144808,-0.00021162111806916073,-0.0006632963634957412,0.005656026630059374,0.0,-0.032982947142953606,1.7987781501517222,1.4235592481446273,0.16648738723742945,1.4196626841448392,0.0
8477998,2.5498447360767127,0.9117195547178668,0.0,3.5844042876534434,14.766666666666666,1.9333333333333331,3.716666666666667,20.416666666666668,0.0,1.8203233484658303,1.4088765450307212,0.1633296800890413,1.4972357803335614,0.0,0.02154519831410817,0.01468270311390607,-0.0031577071483881447,-0.07757309618872221,0.0,-0.044502901909096115,1.7987781501517222,1.4235592481446273,0.16648738723742945,1.4196626841448392,0.0
8478007,0.7916166022054023,3.000486642122269,0.0,0.0033219062103958,19.683333333333334,3.45,6.366666666666666,29.5,0.0,1.7606312726261584,1.4832863656933781,0.16093512541075827,1.3348864106927933,0.0,-0.03814687752556378,-0.05972711754875082,-0.005552261826671179,0.08477627345204586,0.0,-0.018649983448939922,1.7987781501517222,1.4235592481446273,0.16648738723742945,1.4196626841448392,0.0
8478009,0.6474141609964904,1.792328119833277,2.2205918580293647,3.059998516123892,24.15,3.333333333333333,6.183333333333334,33.666666666666664,0.0,1.7457295183896335,1.4405501252814792,0.23274882177910478,1.515183731651389,0.0,-0.05304863176208863,-0.01699087713685188,0.06626143454167532,-0.09552104750654977,0.0,-0.09929912186381495,1.7987781501517222,1.4235592481446273,0.16648738723742945,1.4196626841448392,0.0
8478010,0.9871783475459356,0.6186998671406728,0.0,0.0,14.883333333333333,1.4166666666666667,0.8833333333333333,17.183333333333334,0.0,1.7753178638821152,1.4002938020164903,0.1641617622719107,1.4072321336310978,0.0,-0.023460286269606945,0.02326544612813697,-0.0023256249655187466,0.012430550513741423,0.0,0.0099100854067527,1.7987781501517222,1.4235592481446273,0.16648738723742945,1.4196626841448392,0.0
8478013,1.1165491599278905,1.872907264778044,0.0,5.201535611687336,21.383333333333333,0.65,2.2666666666666666,24.3,0.0,1.7707981036581897,1.4419882193219655,0.16541220788616934,1.5034851610264852,0.0,-0.027980046493532473,-0.018428971177338216,-0.0010751793512601138,-0.08382247688164601,0.0,-0.13130667390377682,1.7987781501517222,1.4235592481446273,0.16648738723742945,1.4196626841448392,0.0
8478038,1.4163773930149628,1.9355122759948964,0.0,0.0,16.2,2.783333333333333,6.066666666666666,25.05,0.0,1.7867771965182164,1.4396259646327605,0.16197897250276905,1.338462618615499,0.0,-0.012000953633505729,-0.01606671648813318,-0.004508414734660404,0.08120006552934012,0.0,0.0486239806730408,1.7987781501517222,1.4235592481446273,0.16648738723742945,1.4196626841448392,0.0
8478043,1.6556594397224584,3.1182542358933447,0.0,3.5954702486307606,23.8,0.5333333333333333,4.983333333333333,29.316666666666663,0.0,1.792275238146727,1.5005614259002966,0.1656041650239683,1.5229435956833834,0.0,-0.006502912004995087,-0.07700217775566931,-0.0008832222134611545,-0.10328091153854424,0.0,-0.1876692235126698,1.7987781501517222,1.4235592481446273,0.16648738723742945,1.4196626841448392,0.0
8478047,1.0714910683095258,1.2733054438612093,0.0268468066646024,0.0,20.066666666666663,2.7666666666666666,1.2666666666666666,24.1,0.0,1.7707159258683611,1.4177617356347814,0.16272800735175164,1.401905218049545,0.0,-0.028062224283361026,0.005797512509845948,-0.003759379885677816,0.01775746609529416,0.0,-0.008266625563898733,1.7987781501517222,1.4235592481446273,0.16648738723742945,1.4196626841448392,0.0
8478048,2.909317405955173,5.0,0.0,0.0,20.0,1.2333333333333334,3.983333333333333,25.21666666666667,0.0,1.841491198451855,1.5611146616775262,0.1644590588450077,1.3652790679386178,0.0,0.04271304830013278,-0.1375554135328989,-0.0020283283924217577,0.05438361620622145,0.0,-0.04248707741896643,1.7987781501517222,1.4235592481446273,0.16648738723742945,1.4196626841448392,0.0
8478055,4.004144137826829,1.821067313414566,12.0,2.091118745446696,27.9,0.95,6.466666666666667,35.31666666666666,0.0,1.9153337687464096,1.4445679145985604,0.27784783282558634,1.4604461769101993,0.0,0.11655561859468744,-0.021008666453933067,0.11136044558815689,-0.040783492765360085,0.0,0.16612390496355117,1.7987781501517222,1.4235592481446273,0.16648738723742945,1.4196626841448392,0.0
8478109,1.9755407284437028,0.8950282459930989,0.0,0.0,31.25,0.65,2.333333333333333,34.233333333333334,0.0,1.8091759488747798,1.3924691891945373,0.16541220788616934,1.38729252522297,0.0,0.010397798723057683,0.031090058950089983,-0.0010751793512601138,0.03237015892186923,0.0,0.07278283724375678,1.7987781501517222,1.4235592481446273,0.16648738723742945,1.4196626841448392,0.0
8478115,0.5677432311277317,0.8530102255516242,0.0,0.0,18.266666666666666,0.2666666666666666,0.3333333333333333,18.866666666666667,0.0,1.7553894740760116,1.4034498537285631,0.16604460163307458,1.414946196822099,0.0,-0.04338867607571051,0.020109394416064186,-0.0004427856043548728,0.004716487322740104,0.0,-0.01900557994126109,1.7987781501517222,1.4235592481446273,0.16648738723742945,1.4196626841448392,0.0
8478178,1.2023100232424802,0.4704259593192845,0.0,0.0,30.416666666666668,1.4166666666666667,0.5166666666666667,32.35,0.0,1.7645737720964396,1.3689019582119877,0.1641617622719107,1.412365462588134,0.0,-0.034204378055282536,0.05465728993263963,-0.0023256249655187466,0.007297221556705313,0.0,0.02542450846854366,1.7987781501517222,1.4235592481446273,0.16648738723742945,1.4196626841448392,0.0
8478396,0.2925025095354833,0.0086441882095245,0.0,0.0,13.25,0.3833333333333333,1.1,14.733333333333334,0.0,1.7598923201699097,1.387031971877428,0.16585162268380818,1.404216304792126,0.0,-0.03888582998181245,0.036527276267199316,-0.0006357645536212708,0.015446379352713313,0.0,0.01245206108447891,1.7987781501517222,1.4235592481446273,0.16648738723742945,1.4196626841448392,0.0
8478401,5.0,0.7170638824361174,0.0,0.0,15.216666666666669,0.5666666666666667,1.7166666666666666,17.5,0.0,1.8933246370313999,1.4026932607318279,0.16554927468090433,1.3957031140208151,0.0,0.0945464868796777,0.020865987412799436,-0.0009381125565251225,0.023959570124024054,0.0,0.13843393185997607,1.7987781501517222,1.4235592481446273,0.16648738723742945,1.4196626841448392,0.0
8478403,1.6516908402657735,1.2282641799835876,0.0,0.3703013193957946,31.633333333333333,2.566666666666667,2.833333333333333,37.03333333333333,0.0,1.7900261370423256,1.4119387691374903,0.16232114452788052,1.3907499723122076,0.0,-0.00875201310939655,0.01162047900713703,-0.004166242709548934,0.028912711832631555,0.0,0.0276149350208231,1.7987781501517222,1.4235592481446273,0.16648738723742945,1.4196626841448392,0.0
8478406,1.143168079267655,2.861461965367198,0.0,2.5644848924563366,18.666666666666668,3.7666666666666666,5.733333333333333,28.166666666666668,0.0,1.7751829290916274,1.4753089603325862,0.160443996695242,1.481740054835122,0.0,-0.023595221060094707,-0.051749712187958874,-0.006043390542187443,-0.06207737069028285,0.0,-0.14346569448052388,1.7987781501517222,1.4235592481446273,0.16648738723742945,1.4196626841448392,0.0
8478407,2.050778962356943,0.4177414195638304,0.0,0.0,10.65,0.0,0.0,10.65,0.0,1.8040338216488057,1.402582140782666,0.16648738723742945,1.4196626841448392,0.0,0.005255671497083503,0.020977107361961345,0.0,0.0,0.0,0.026232778859044847,1.7987781501517222,1.4235592481446273,0.16648738723742945,1.4196626841448392,0.0
8478420,2.0646656704498256,1.2573094920233203,0.0,1.6276435479796678,13.383333333333333,5.816666666666666,9.033333333333331,28.23333333333333,0.0,1.8057095425095893,1.4192253016405398,0.1573356943494372,1.4368937492928793,0.0,0.0069313923578671055,0.004333946504087471,-0.009151692887992252,-0.01723106514804007,0.0,-0.015117419174077745,1.7987781501517222,1.4235592481446273,0.16648738723742945,1.4196626841448392,0.0
8478421,3.6965724353445286,2.3149481537947705,1.2067957811862753,3.2219392685158037,16.2,0.7166666666666667,3.8333333333333335,20.75,0.0,1.8583369789392528,1.451533870910091,0.17388987953261403,1.4861993798760307,0.0,0.059558828787530604,-0.027974622765463586,0.007402492295184582,-0.06653669573119148,0.0,-0.027549997413939875,1.7987781501517222,1.4235592481446273,0.16648738723742945,1.4196626841448392,0.0
8478427,3.634023381021997,2.422831087601962,0.0,0.0,14.316666666666666,1.4666666666666666,2.25,18.03333333333333,0.0,1.849864564271349,1.451375266489157,0.16408086784240747,1.3884231629778379,0.0,0.05108641411962678,-0.027816018344529736,-0.002406519395021983,0.03123952116700135,0.0,0.05210339754707641,1.7987781501517222,1.4235592481446273,0.16648738723742945,1.4196626841448392,0.0
8478434,0.7696969846275754,0.0,0.0,0.0,15.233333333333333,0.0,0.0,15.233333333333333,0.0,1.7683524470628604,1.3814704484809088,0.16648738723742945,1.4196626841448392,0.0,-0.030425703088861722,0.04208879966371848,0.0,0.0,0.0,0.011663096574856757,1.7987781501517222,1.4235592481446273,0.16648738723742945,1.4196626841448392,0.0
8478443,2.582013808776823,1.1119551054631054,0.0,0.0,14.833333333333334,0.0833333333333333,0.4166666666666667,15.333333333333334,0.0,1.8213446679949186,1.414581336620297,0.16634876326803943,1.4137719676131177,0.0,0.02256651784319641,0.008977911524330251,-0.0001386239693900171,0.005890716531721463,0.0,0.037296521929858106,1.7987781501517222,1.4235592481446273,0.16648738723742945,1.4196626841448392,0.0
8478445,1.46836168067867,1.172967508310727,0.0,0.0,11.966666666666669,0.0,0.3333333333333333,12.3,0.0,1.791055022829577,1.4177019374733353,0.16648738723742945,1.414946196822099,0.0,-0.007723127322145196,0.005857310671292026,0.0,0.004716487322740104,0.0,0.0028506706718869346,1.7987781501517222,1.4235592481446273,0.16648738723742945,1.4196626841448392,0.0
8478450,2.1110285954170767,2.145872230332909,0.0,3.398578182322713,32.75,1.3166666666666669,2.3833333333333333,36.45,0.0,1.8179732737227035,1.4679623455949629,0.16432379066040084,1.465728924782872,0.0,0.0191951235709813,-0.04440309745033555,-0.002163596577028609,-0.046066240638032774,0.0,-0.07343781109441563,1.7987781501517222,1.4235592481446273,0.16648738723742945,1.4196626841448392,0.0
8478452,3.798026419770511,1.6762457050685629,0.0,0.0,13.783333333333331,0.4833333333333333,1.6333333333333333,15.9,0.0,1.8524122475006286,1.4303381010941876,0.16568656882145905,1.396847508177933,0.0,0.05363409734890645,-0.006778852949560266,-0.0008008184159704057,0.022815175966906187,0.0,0.06886960195028197,1.7987781501517222,1.4235592481446273,0.16648738723742945,1.4196626841448392,0.0
8478458,3.2191939251337414,1.876950198735783,0.0,0.6862150497937477,22.316666666666663,2.033333333333333,4.283333333333333,28.633333333333333,0.0,1.859467282628857,1.4429309729233875,0.16316960526373353,1.3895370581214685,0.0,0.06068913247713481,-0.019371724778760147,-0.0033177819736959213,0.030125626023370655,0.0,0.0681252517480494,1.7987781501517222,1.4235592481446273,0.16648738723742945,1.4196626841448392,0.0
8478460,0.902669529439552,1.0054695812260606,0.0,0.0,15.55,1.4666666666666666,3.5166666666666666,20.53333333333333,0.0,1.7717497551326664,1.4109488431003376,0.16408086784240747,1.3714339244677243,0.0,-0.02702839501905574,0.012610405044289674,-0.002406519395021983,0.04822875967711493,0.0,0.03140425030732688,1.7987781501517222,1.4235592481446273,0.16648738723742945,1.4196626841448392,0.0
8478463,2.3753739893436427,0.0,0.0,0.0,8.7,1.3833333333333333,0.1166666666666666,10.2,0.0,1.8086393331691581,1.3992129429375146,0.16421573621972327,1.4180083410802458,0.0,0.009861183017435993,0.024346305207112673,-0.0022716510177061833,0.0016543430645934443,0.0,0.03359018027143593,1.7987781501517222,1.4235592481446273,0.16648738723742945,1.4196626841448392,0.0
8478472,0.0657413665154208,0.9143794440243344,0.0,6.021617306876428,21.9,1.5,1.6166666666666667,25.016666666666666,0.0,1.7260563537124907,1.4021930137889378,0.1640269824999305,1.4928773140292027,0.0,-0.07272179643923149,0.021366234355689517,-0.00246040473749895,-0.07321462988436345,0.0,-0.12703059670540437,1.7987781501517222,1.4235592481446273,0.16648738723742945,1.4196626841448392,0.0
8478474,0.2294762850879551,1.3799158642282496,0.0,0.0,16.683333333333334,0.45,1.8333333333333333,18.96666666666667,0.0,1.748106521271079,1.4221500346579563,0.1657415502612538,1.394104108816536,0.0,-0.05067162888064325,0.0014092134866710015,-0.00074583697617564,0.02555857532830319,0.0,-0.024449677041844697,1.7987781501517222,1.4235592481446273,0.16648738723742945,1.4196626841448392,0.0
8478483,0.5051892872301407,1.2483021879443237,0.0,0.0,16.083333333333332,0.0,0.4,16.48333333333333,0.0,1.7584644652584773,1.4180974989731983,0.16648738723742945,1.4140066575147798,0.0,-0.04031368489324483,0.005461749171429053,0.0,0.005656026630059374,0.0,-0.0291959090917564,1.7987781501517222,1.4235592481446273,0.16648738723742945,1.4196626841448392,0.0
8478499,0.8471409608247962,0.8284179907828403,0.0,0.2667424758359537,56.38333333333333,2.6166666666666667,3.933333333333333,62.93333333333333,0.0,1.7023401843759383,1.3632482253589302,0.1622420535040729,1.3760306813929313,0.0,-0.0964379657757839,0.06031102278569711,-0.00424533373335656,0.04363200275190793,0.0,0.0032597260284645824,1.7987781501517222,1.4235592481446273,0.16648738723742945,1.4196626841448392,0.0
8478500,2.008571883711073,1.4072763670901411,0.0,0.0,21.55,0.3666666666666666,1.95,23.866666666666667,0.0,1.8074466478186844,1.4228864534236532,0.16587916363742555,1.392508763261245,0.0,0.008668497666962205,0.0006727947209741458,-0.0006082236000038987,0.02715392088359425,0.0,0.0358869896715267,1.7987781501517222,1.4235592481446273,0.16648738723742945,1.4196626841448392,0.0
8478519,1.6871311083561231,0.4720717261568838,0.0,0.0,11.9,0.0,0.25,12.15,0.0,1.7961827217528794,1.4014402766430565,0.16648738723742945,1.4161223781993408,0.0,-0.0025954283988427473,0.022118971501570828,0.0,0.0035403059454983676,0.0,0.023063849048226448,1.7987781501517222,1.4235592481446273,0.16648738723742945,1.4196626841448392,0.0
8478542,3.761187986103122,0.8813426279084203,0.0,0.0,10.95,0.0,2.35,13.3,0.0,1.8408339045379984,1.411939183575518,0.16648738723742945,1.3870666186075615,0.0,0.04205575438627629,0.011620064569109356,0.0,0.032596065537277674,0.0,0.08627188449266332,1.7987781501517222,1.4235592481446273,0.16648738723742945,1.4196626841448392,0.0
8478550,2.0234193927859714,4.512060169866221,0.0,0.0,16.883333333333333,0.75,0.3333333333333333,17.966666666666665,0.0,1.8061157691756313,1.5244411826141717,0.16524802703466943,1.414946196822099,0.0,0.00733761902390917,-0.10088193446954441,-0.001239360202760026,0.004716487322740104,0.0,-0.09006718832565516,1.7987781501517222,1.4235592481446273,0.16648738723742945,1.4196626841448392,0.0
8478569,2.144755362100068,1.3147646493919365,0.0205371885084055,3.176448889360445,40.05,3.6166666666666663,2.55,46.21666666666667,0.0,1.8244357510007756,1.415491062458033,0.1613930984929871,1.463346787736256,0.0,0.02565760084905344,0.008068185686594287,-0.0050942887444423435,-0.043684103591416834,0.0,-0.01505260580021145,1.7987781501517222,1.4235592481446273,0.16648738723742945,1.4196626841448392,0.0
8478840,2.9269603842296785,2.8423533981538776,0.0,0.0,26.28333333333333,1.2333333333333334,1.9666666666666663,29.48333333333333,0.0,1.8551211651037738,1.4944158328285615,0.1644590588450077,1.3922811547677403,0.0,0.05634301495205163,-0.07085658468393419,-0.0020283283924217577,0.027381529377098923,0.0,0.010839631252794607,1.7987781501517222,1.4235592481446273,0.16648738723742945,1.4196626841448392,0.0
8478854,3.65018038706129,2.4370655721884407,0.0,12.0,33.71666666666667,0.75,0.3333333333333333,34.800000000000004,0.0,1.915737420840541,1.4875858319606543,0.16524802703466943,1.4548133064566506,0.0,0.11695927068881895,-0.064026583816027,-0.001239360202760026,-0.03515062231181143,0.0,0.0165427043582205,1.7987781501517222,1.4235592481446273,0.16648738723742945,1.4196626841448392,0.0
8478859,3.244483208576721,1.8734674415128056,0.6033978905931376,2.5641731202720925,27.416666666666668,1.4333333333333331,4.816666666666666,33.666666666666664,0.0,1.8739301432346462,1.4469467968281684,0.17266127867492384,1.4722566603001543,0.0,0.07515199308292408,-0.023387548683541093,0.006173891437494389,-0.052593976155315136,0.0,0.005344359681562244,1.7987781501517222,1.4235592481446273,0.16648738723742945,1.4196626841448392,0.0
8478916,0.0,3.160053326460806,0.0,1.2901375012999907,18.95,1.7166666666666666,4.883333333333334,25.55,0.0,1.733093891657888,1.4869691388548911,0.16367758863257034,1.4136320344430213,0.0,-0.06568425849383419,-0.06340989071026382,-0.0028097986048591095,0.006030649701817881,0.0,-0.12587329810713924,1.7987781501517222,1.4235592481446273,0.16648738723742945,1.4196626841448392,0.0
8478970,3.137175038618726,2.328826790640585,0.0,0.6144852536480597,16.883333333333333,2.033333333333333,4.783333333333333,23.7,0.0,1.8424951735940551,1.4531286551851719,0.16316960526373353,1.3829065329514918,0.0,0.04371702344233297,-0.02956940704054456,-0.0033177819736959213,0.03675615119334741,0.0,0.0475859856214399,1.7987781501517222,1.4235592481446273,0.16648738723742945,1.4196626841448392,0.0
8478971,0.0797948065495315,1.4406225663788288,0.0,0.0,20.35,0.45,1.8333333333333333,22.633333333333336,0.0,1.7315516467553456,1.4242265653850732,0.1657415502612538,1.394104108816536,0.0,-0.06722650339637659,-0.000667317240445886,-0.00074583697617564,0.02555857532830319,0.0,-0.04308108228469493,1.7987781501517222,1.4235592481446273,0.16648738723742945,1.4196626841448392,0.0
8479293,2.214055213084174,0.3764975558551306,0.0,2.0168082151986373,11.816666666666666,1.2,2.6333333333333333,15.65,0.0,1.8083659399729182,1.3993850080250125,0.16451322849548364,1.4349840537301752,0.0,0.009587789821196013,0.024174240119614776,-0.001974158741945814,-0.015321369585336031,0.0,0.016466501613528944,1.7987781501517222,1.4235592481446273,0.16648738723742945,1.4196626841448392,0.0
8479316,2.016267383093855,3.353802688935004,7.875448498472347,4.376838375858203,25.666666666666664,1.7999999999999998,5.783333333333333,33.25,0.0,1.8093974722421116,1.5178070255326164,0.3027951475539604,1.581335910082217,0.0,0.010619322090389405,-0.09424777738798906,0.13630776031653097,-0.16167322593737787,0.0,-0.10899392091844656,1.7987781501517222,1.4235592481446273,0.16648738723742945,1.4196626841448392,0.0
8479318,0.8599698982136538,1.28132305866064,0.0,0.0,11.466666666666669,0.0,0.0,11.466666666666669,0.0,1.7777308327203682,1.420370428463808,0.16648738723742945,1.4196626841448392,0.0,-0.021047317431353907,0.0031888196808194103,0.0,0.0,0.0,-0.017858497750534497,1.7987781501517222,1.4235592481446273,0.16648738723742945,1.4196626841448392,0.0
8479323,3.785424075344936,2.517658778807042,0.0,0.0,14.666666666666666,1.2333333333333334,3.983333333333333,19.883333333333333,0.0,1.8553924122686274,1.4547382503137636,0.1644590588450077,1.3652790679386178,0.0,0.056614262116905234,-0.031179002169136272,-0.0020283283924217577,0.05438361620622145,0.0,0.07779054776156866,1.7987781501517222,1.4235592481446273,0.16648738723742945,1.4196626841448392,0.0
8479336,1.5139356619035411,0.958673223792945,0.0,0.0,12.383333333333333,0.0833333333333333,0.4166666666666667,12.883333333333333,0.0,1.7918940474692124,1.4123238346816178,0.16634876326803943,1.4137719676131177,0.0,-0.0068841026825097185,0.011235413463009492,-0.0001386239693900171,0.005890716531721463,0.0,0.010103403342831219,1.7987781501517222,1.4235592481446273,0.16648738723742945,1.4196626841448392,0.0
8479353,2.3627650062992887,0.0099740633186821,0.0,0.4528865057358638,11.483333333333333,1.1166666666666667,2.316666666666667,14.916666666666666,0.0,1.8114402422331088,1.391822789076392,0.16464880887169553,1.3977728179127415,0.0,0.012662092081386689,0.03173645906823541,-0.0018385783657339227,0.021889866232097654,0.0,0.06444983901598583,1.7987781501517222,1.4235592481446273,0.16648738723742945,1.4196626841448392,0.0
8479359,1.3060218494000106,0.3615871328732059,3.711796542266746,1.7236690042884466,11.6,1.2833333333333334,2.6166666666666667,15.5,0.0,1.787605411510753,1.3994801305974254,0.21140902701647463,1.4274146724934744,0.0,-0.011172738640969238,0.024079117547201934,0.044921639779045175,-0.007751988348635219,0.0,0.05007603033664265,1.7987781501517222,1.4235592481446273,0.16648738723742945,1.4196626841448392,0.0
8479361,0.6969492890235041,3.170093327079146,0.0,12.0,16.033333333333335,2.1666666666666665,1.15,19.35,0.0,1.7645439480844995,1.4778246632965881,0.16295665961249212,1.539953222090795,0.0,-0.03423420206722261,-0.054265415151960816,-0.0035307276249373354,-0.12029053794595579,0.0,-0.21232088279007655,1.7987781501517222,1.4235592481446273,0.16648738723742945,1.4196626841448392,0.0
8479369,5.0,0.0,0.0,8.20135581899773,7.516666666666667,0.5666666666666667,3.6666666666666665,11.75,0.0,1.846190420825315,1.402475368439093,0.16554927468090433,1.6595296438984781,0.0,0.04741227067359288,0.02108387970553438,-0.0009381125565251225,-0.23986695975363892,0.0,-0.17230892193103678,1.7987781501517222,1.4235592481446273,0.16648738723742945,1.4196626841448392,0.0
8479371,2.365075387470015,2.2217440081166697,0.0,0.0,13.65,1.5666666666666669,2.783333333333333,18.0,0.0,1.8138272249874952,1.4447706215966247,0.1639193179232978,1.3812187619375766,0.0,0.015049074835773002,-0.021211373451997417,-0.0025680693141316435,0.03844392220726256,0.0,0.0297135542769065,1.7987781501517222,1.4235592481446273,0.16648738723742945,1.4196626841448392,0.0
8479372,2.662392912118201,0.0,0.0,0.0,13.233333333333333,0.0,0.0,13.233333333333333,0.0,1.8210458036232224,1.38685384959209,0.16648738723742945,1.4196626841448392,0.0,0.02226765347150028,0.036705398552537405,0.0,0.0,0.0,0.05897305202403769,1.7987781501517222,1.4235592481446273,0.16648738723742945,1.4196626841448392,0.0
8479378,0.9926693287557792,0.3052398177566907,0.0,0.1084519821134454,25.166666666666668,0.45,1.8333333333333333,27.450000000000003,0.0,1.7601483716589303,1.3699679330102008,0.1657415502612538,1.3960565994928829,0.0,-0.03862977849279181,0.0535913151344265,-0.00074583697617564,0.02360608465195635,0.0,0.0378217843174154,1.7987781501517222,1.4235592481446273,0.16648738723742945,1.4196626841448392,0.0
8479385,0.1290697959371455,0.7832267493092272,0.0,6.021617306876428,18.016666666666666,1.5,1.6166666666666667,21.133333333333333,0.0,1.740705542098379,1.4012884257373346,0.1640269824999305,1.4928773140292027,0.0,-0.05807260805334313,0.022270822407292723,-0.00246040473749895,-0.07321462988436345,0.0,-0.11147682026791281,1.7987781501517222,1.4235592481446273,0.16648738723742945,1.4196626841448392,0.0
8479387,1.214751659183846,2.0471948727371574,0.0,0.0,17.566666666666666,1.15,1.6666666666666667,20.383333333333333,0.0,1.7789557787509318,1.4447259882850447,0.16459454991342506,1.3963895253883665,0.0,-0.01982237140079035,-0.021166740140417417,-0.0018928373240043872,0.023273158756472734,0.0,-0.01960879010873942,1.7987781501517222,1.4235592481446273,0.16648738723742945,1.4196626841448392,0.0
8479390,4.351434029687718,2.467616631381068,0.0,0.0,11.883333333333333,1.2333333333333334,1.9666666666666663,15.083333333333332,0.0,1.8580378656503438,1.4477969622802564,0.1644590588450077,1.3922811547677403,0.0,0.059259715498621635,-0.02423771413562914,-0.0020283283924217577,0.027381529377098923,0.0,0.06037520234766966,1.7987781501517222,1.4235592481446273,0.16648738723742945,1.4196626841448392,0.0
8479398,1.6342967718701862,0.8534588297345189,0.0,5.308450786327981,21.916666666666668,2.15,4.666666666666666,28.73333333333333,0.0,1.7918711403340561,1.3996192178010447,0.16298324741794365,1.5930481409300747,0.0,-0.00690700981766601,0.023940030343582608,-0.003504139819485802,-0.17338545678523554,0.0,-0.15985657607880474,1.7987781501517222,1.4235592481446273,0.16648738723742945,1.4196626841448392,0.0
8479420,0.8066700358236201,0.4217537495056515,0.0,1.0956114723614825,9.766666666666667,0.8666666666666667,4.116666666666666,14.75,0.0,1.779770259123269,1.4043655640341701,0.1650568941547549,1.4068500301812585,0.0,-0.01900789102845324,0.019193684110457188,-0.0014304930826745388,0.012812653963580667,0.0,0.011567953962910077,1.7987781501517222,1.4235592481446273,0.16648738723742945,1.4196626841448392,0.0
8479421,1.1943960322007054,0.7001237523171209,0.0,0.0,13.95,0.9333333333333332,0.5833333333333334,15.466666666666669,0.0,1.782373576661272,1.4039232423720933,0.16494787374910447,1.4114293462914724,0.0,-0.016404573490450103,0.019636005772533993,-0.001539513488324984,0.008233337853366773,0.0,0.00992525664712568,1.7987781501517222,1.4235592481446273,0.16648738723742945,1.4196626841448392,0.0
8479496,0.0,1.462887167674055,0.0,0.0,23.23333333333333,4.15,1.3833333333333333,28.76666666666667,0.0,1.7189063038972945,1.4253055410612363,0.1598534683028607,1.4002919784430437,0.0,-0.07987184625442767,-0.0017462929166089936,-0.006633918934568744,0.019370705701795554,0.0,-0.06888135240380985,1.7987781501517222,1.4235592481446273,0.16648738723742945,1.4196626841448392,0.0
8479525,1.6484844789050974,1.9094458107728096,0.0,0.0,23.71666666666667,2.65,7.016666666666667,33.38333333333333,0.0,1.7919720560746464,1.4455627671790896,0.1621893689599897,1.326580922733069,0.0,-0.006806094077075775,-0.022003519034462293,-0.004298018277439752,0.09308176141177027,0.0,0.05997413002279245,1.7987781501517222,1.4235592481446273,0.16648738723742945,1.4196626841448392,0.0
8479638,3.987716995280224,1.4235605478990074,0.0,10.799926223825512,31.35,0.8333333333333334,0.75,32.93333333333333,0.0,1.9279269838673116,1.4235593248309917,0.16511145841728542,1.4894909487082189,0.0,0.1291488337155895,-7.668636436974907e-08,-0.0013759288201440345,-0.06982826456337965,0.0,0.05794456364570144,1.7987781501517222,1.4235592481446273,0.16648738723742945,1.4196626841448392,0.0
8479661,1.0657883570916742,0.6247372928458744,0.0,0.0,15.633333333333333,0.9333333333333332,0.5833333333333334,17.15,0.0,1.7765548511055549,1.3993400033947976,0.16494787374910447,1.4114293462914724,0.0,-0.022223299046167266,0.024219244749829727,-0.001539513488324984,0.008233337853366773,0.0,0.00868977006870425,1.7987781501517222,1.4235592481446273,0.16648738723742945,1.4196626841448392,0.0
8479671,0.9850183286164936,0.3694228514244682,0.0,0.0,14.25,2.1,4.0,20.35,0.0,1.7762286558262441,1.3943488569861202,0.1630630629161895,1.3650602732161916,0.0,-0.022549494325478037,0.0292103911585071,-0.0034243243212399577,0.05460241092864759,0.0,0.0578389834404367,1.7987781501517222,1.4235592481446273,0.16648738723742945,1.4196626841448392,0.0
8479675,1.7618362089360495,1.1949363793984964,0.0,5.374758624088951,19.1,1.5333333333333334,2.716666666666667,23.35,0.0,1.7974188916712377,1.4151471949890673,0.1639731325385057,1.5242676879110066,0.0,-0.0013592584804844599,0.00841205315556004,-0.0025142546989237458,-0.10460500376616744,0.0,-0.1000664637900156,1.7987781501517222,1.4235592481446273,0.16648738723742945,1.4196626841448392,0.0
8479941,0.6170951862736502,0.7557437266453658,0.0,0.0088739033032951,25.25,0.2666666666666666,2.3833333333333333,27.9,0.0,1.7419718772570598,1.391455788995924,0.16604460163307458,1.3868215974347071,0.0,-0.056806272894662335,0.03210345914870327,-0.0004427856043548728,0.032841086710132084,0.0,0.007695487359818148,1.7987781501517222,1.4235592481446273,0.16648738723742945,1.4196626841448392,0.0
8479968,4.770086749072939,0.4422714182932448,0.0,0.0,18.316666666666663,0.65,1.9166666666666667,20.883333333333333,0.0,1.9037805023242815,1.3888817561028683,0.16541220788616934,1.3929642035762935,0.0,0.10500235217255938,0.03467749204175896,-0.0010751793512601138,0.026698480568545735,0.0,0.16530314543160396,1.7987781501517222,1.4235592481446273,0.16648738723742945,1.4196626841448392,0.0
8479980,0.7140266900397327,0.0532284733035587,0.0,0.2667424758359537,29.2,2.6166666666666667,3.933333333333333,35.75,0.0,1.7389241391251347,1.3479476483234647,0.1622420535040729,1.3760306813929313,0.0,-0.059854011026587495,0.07561159982116261,-0.00424533373335656,0.04363200275190793,0.0,0.055144257813126485,1.7987781501517222,1.4235592481446273,0.16648738723742945,1.4196626841448392,0.0
8479981,2.384293872435219,2.376655564055412,1.2067957811862753,3.2219392685158037,14.633333333333333,0.7166666666666667,3.8333333333333335,19.183333333333334,0.0,1.8154269876465374,1.4506600501839326,0.17388987953261403,1.4861993798760307,0.0,0.016648837494815272,-0.027100802039305316,0.007402492295184582,-0.06653669573119148,0.0,-0.06958616798049694,1.7987781501517222,1.4235592481446273,0.16648738723742945,1.4196626841448392,0.0
8479982,0.6786971108976105,1.2705028570465682,0.0,0.0,18.383333333333333,0.0,0.0,18.383333333333333,0.0,1.7590569211288858,1.4181314373424168,0.16648738723742945,1.4196626841448392,0.0,-0.03972122902283637,0.005427810802210553,0.0,0.0,0.0,-0.034293418220625815,1.7987781501517222,1.4235592481446273,0.16648738723742945,1.4196626841448392,0.0
8479983,0.4014447621669466,2.787440198103655,0.0,0.0,19.466666666666665,0.0833333333333333,0.4166666666666667,19.966666666666665,0.0,1.7464140139490072,1.4746697765568495,0.16634876326803943,1.4137719676131177,0.0,-0.05236413620271496,-0.05111052841222219,-0.0001386239693900171,0.005890716531721463,0.0,-0.0977225720526057,1.7987781501517222,1.4235592481446273,0.16648738723742945,1.4196626841448392,0.0
8479996,0.7261506576077201,1.2387973716877203,0.0,0.0,13.45,2.316666666666667,0.7,16.466666666666665,0.0,1.7706803026987725,1.4187193470084982,0.16271775915044417,1.4097941252679633,0.0,-0.02809784745294963,0.004839901136129088,-0.003769628086985277,0.009868558876875877,0.0,-0.017159015526929944,1.7987781501517222,1.4235592481446273,0.16648738723742945,1.4196626841448392,0.0
8479998,1.274781613610635,0.6878756924939128,0.0,5.153445033685289,23.583333333333336,2.916666666666667,2.833333333333333,29.333333333333336,0.0,1.7751762052462423,1.3904224589914913,0.1617691212023606,1.522538372867996,0.0,-0.023601944905479844,0.033136789153136004,-0.004718266035068863,-0.10287568872315678,0.0,-0.09805911051056948,1.7987781501517222,1.4235592481446273,0.16648738723742945,1.4196626841448392,0.0
8480001,3.600744628533461,2.3716796871177928,0.0,0.0,15.05,0.75,0.3333333333333333,16.133333333333333,0.0,1.8514324468212595,1.451263767330233,0.16524802703466943,1.414946196822099,0.0,0.05265429666953736,-0.02770451918560579,-0.001239360202760026,0.004716487322740104,0.0,0.028426904603911646,1.7987781501517222,1.4235592481446273,0.16648738723742945,1.4196626841448392,0.0
8480003,2.593572056728484,1.8572938980034923,11.34064583780018,2.091118745446696,27.4,1.25,6.466666666666667,35.11666666666667,0.0,1.840070059594656,1.4460930543754444,0.3044399607011671,1.4604461769101993,0.0,0.041291909442933816,-0.022533806230817133,0.13795257346373763,-0.040783492765360085,0.0,0.11592718391049422,1.7987781501517222,1.4235592481446273,0.16648738723742945,1.4196626841448392,0.0
8480009,2.643793348456661,0.394832730513217,0.0,0.3430901149104777,13.55,0.4333333333333333,2.8833333333333333,16.866666666666667,0.0,1.821073848597895,1.3964163325299734,0.16576905466720487,1.3894914457716745,0.0,0.02229569844617285,0.027142915614653873,-0.000718332570224578,0.03017123837316471,0.0,0.07889151986376686,1.7987781501517222,1.4235592481446273,0.16648738723742945,1.4196626841448392,0.0
8480014,1.485986014207204,0.2516747539878909,0.0,0.0,17.55,0.0,0.0,17.55,0.0,1.7881714416485317,1.383820917794998,0.16648738723742945,1.4196626841448392,0.0,-0.010606708503190454,0.03973833034962926,0.0,0.0,0.0,0.029131621846438804,1.7987781501517222,1.4235592481446273,0.16648738723742945,1.4196626841448392,0.0
8480023,0.7939584317868474,1.4377456664016208,0.0,4.635689514023917,32.05,1.8333333333333333,2.1,35.98333333333333,0.0,1.7382491172157308,1.4244138195291527,0.16349006930025806,1.4858101507731063,0.0,-0.06052903293599132,-0.0008545713845253822,-0.0029973179371713954,-0.0661474666282671,0.0,-0.1305283888859552,1.7987781501517222,1.4235592481446273,0.16648738723742945,1.4196626841448392,0.0
8480039,4.100758800069119,2.0850588256314606,0.0,0.0,30.65,3.7666666666666666,2.583333333333333,37.0,0.0,1.93173906020537,1.461767034915515,0.160443996695242,1.3839116336099164,0.0,0.13296091005364774,-0.03820778677088765,-0.006043390542187443,0.03575105053492278,0.0,0.12446078327549542,1.7987781501517222,1.4235592481446273,0.16648738723742945,1.4196626841448392,0.0
8480049,0.2859817803610206,0.1893052188776926,0.0,0.1084519821134454,14.35,0.45,1.8333333333333333,16.633333333333333,0.0,1.7565722049655716,1.3891244365961086,0.1657415502612538,1.3960565994928829,0.0,-0.042205945186150506,0.034434811548518685,-0.00074583697617564,0.02360608465195635,0.0,0.015089114038148888,1.7987781501517222,1.4235592481446273,0.16648738723742945,1.4196626841448392,0.0
8480058,0.821968595448293,0.896526172168945,0.0,0.0,28.5,2.316666666666667,0.7,31.516666666666666,0.0,1.7461025166435902,1.3951383537921072,0.16271775915044417,1.4097941252679633,0.0,-0.05267563350813198,0.028420894352520154,-0.003769628086985277,0.009868558876875877,0.0,-0.018155808365721227,1.7987781501517222,1.4235592481446273,0.16648738723742945,1.4196626841448392,0.0
8480069,0.9159217321223084,3.5163692067788186,0.0,1.3515222358672934,19.016666666666666,6.6,11.266666666666666,36.88333333333333,0.0,1.7664304679009415,1.5002393856739813,0.15617953774618148,1.4127629023839614,0.0,-0.03234768225078066,-0.07668013752935399,-0.010307849491247967,0.006899781760877799,0.0,-0.11243588751050482,1.7987781501517222,1.4235592481446273,0.16648738723742945,1.4196626841448392,0.0
8480084,0.3286205455980587,1.9045095810818569,0.0,0.0,11.65,0.0,0.0,11.65,0.0,1.7653034387414805,1.434510232955961,0.16648738723742945,1.4196626841448392,0.0,-0.03347471141024161,-0.010950984811333608,0.0,0.0,0.0,-0.04442569622157522,1.7987781501517222,1.4235592481446273,0.16648738723742945,1.4196626841448392,0.0
8480144,0.7912694707444188,1.717455661791261,0.0,0.0,18.08333333333333,0.0,0.0,18.08333333333333,0.0,1.763611770317174,1.433817495170736,0.16648738723742945,1.4196626841448392,0.0,-0.03516637983454807,-0.01025824702610878,0.0,0.0,0.0,-0.04542462686065685,1.7987781501517222,1.4235592481446273,0.16648738723742945,1.4196626841448392,0.0
8480145,1.6677017188519363,0.2622211887820126,0.0,0.1084519821134454,14.6,0.45,1.8333333333333333,16.883333333333333,0.0,1.7950593085330342,1.39061028649151,0.1657415502612538,1.3960565994928829,0.0,-0.0037188416186879625,0.03294896165311734,-0.00074583697617564,0.02360608465195635,0.0,0.052090367710210084,1.7987781501517222,1.4235592481446273,0.16648738723742945,1.4196626841448392,0.0
8480172,0.4890826099302277,4.23535669202926,0.0,7.860098257660863,11.116666666666667,0.5666666666666667,1.5,13.183333333333334,0.0,1.770292581777648,1.4847151778107521,0.16554927468090433,1.5148415349849775,0.0,-0.02848556837407412,-0.06115592966612482,-0.0009381125565251225,-0.09517885084013833,0.0,-0.1857584614368624,1.7987781501517222,1.4235592481446273,0.16648738723742945,1.4196626841448392,0.0
8480185,4.230603883159041,1.94328818764404,11.092447489500044,0.1947591176584029,23.48333333333333,1.2,6.016666666666667,30.7,0.0,1.907869253268896,1.4468741602957518,0.29604422639469363,1.35014685526548,0.0,0.10909110311717374,-0.023314912151124467,0.12955683915726418,0.06951582887935914,0.0,0.2848488590026726,1.7987781501517222,1.4235592481446273,0.16648738723742945,1.4196626841448392,0.0
8480188,3.182413440821397,0.8241722452964176,0.0,6.151381245125893,11.05,0.65,1.9166666666666667,13.616666666666667,0.0,1.8286953206084287,1.4105992121765758,0.16541220788616934,1.5086483970659872,0.0,0.0299171704567065,0.012960035968051509,-0.0010751793512601138,-0.08898571292114799,0.0,-0.04718368584765009,1.7987781501517222,1.4235592481446273,0.16648738723742945,1.4196626841448392,0.0
8480281,0.0637431888091831,0.8889116963049523,0.0,2.4749867744364984,24.383333333333333,2.6166666666666667,3.933333333333333,30.933333333333334,0.0,1.7181006512341324,1.3986986382745754,0.1622420535040729,1.459601184034004,0.0,-0.0806774989175898,0.024860609870051897,-0.00424533373335656,-0.03993849988916476,0.0,-0.10000072267005922,1.7987781501517222,1.4235592481446273,0.16648738723742945,1.4196626841448392,0.0
8480336,3.624599662818584,1.843612290383092,0.0,1.0886251098579822,22.48333333333333,2.033333333333333,2.7,27.21666666666667,0.0,1.8773463092823992,1.4416348344146737,0.16316960526373353,1.4109596515199656,0.0,0.07856815913067705,-0.01807558627004635,-0.0033177819736959213,0.008703032624873597,0.0,0.06587782351180838,1.7987781501517222,1.4235592481446273,0.16648738723742945,1.4196626841448392,0.0
8480355,4.245786825937727,1.0610059349357714,0.0,0.0,16.3,0.65,1.9166666666666667,18.866666666666667,0.0,1.8760321525056094,1.4121131528409196,0.16541220788616934,1.3929642035762935,0.0,0.07725400235388724,0.01144609530370766,-0.0010751793512601138,0.026698480568545735,0.0,0.11432339887488052,1.7987781501517222,1.4235592481446273,0.16648738723742945,1.4196626841448392,0.0
8480448,1.786117411142474,0.4675332848532108,0.0,0.0,25.333333333333336,0.9666666666666666,2.783333333333333,29.08333333333333,0.0,1.798167606900007,1.3774564732650918,0.16489341753459502,1.3812187619375766,0.0,-0.0006105432517151677,0.04610277487953551,-0.0015939697028344302,0.03844392220726256,0.0,0.08234218413224847,1.7987781501517222,1.4235592481446273,0.16648738723742945,1.4196626841448392,0.0
8480727,0.7559786177702451,0.1087961657446636,0.0,0.0,13.233333333333333,1.5,1.6166666666666667,16.349999999999998,0.0,1.7718903528954093,1.389659076441517,0.1640269824999305,1.3970766122468485,0.0,-0.02688779725631285,0.033900171703110216,-0.00246040473749895,0.022586071897990667,0.0,0.027138041607289082,1.7987781501517222,1.4235592481446273,0.16648738723742945,1.4196626841448392,0.0
8480762,4.365130754508674,2.954344485799202,0.0,1.0886251098579822,12.283333333333331,2.033333333333333,2.7,17.016666666666666,0.0,1.8603131688396577,1.4602638295986217,0.16316960526373353,1.4109596515199656,0.0,0.06153501868793554,-0.036704581453994356,-0.0033177819736959213,0.008703032624873597,0.0,0.030215687885118858,1.7987781501517222,1.4235592481446273,0.16648738723742945,1.4196626841448392,0.0
8480789,3.501286260459734,0.8353168218444456,0.0,0.0,12.65,0.0833333333333333,0.4166666666666667,13.15,0.0,1.8407887374830327,1.409043951757819,0.16634876326803943,1.4137719676131177,0.0,0.04201058733131058,0.014515296386808263,-0.0001386239693900171,0.005890716531721463,0.0,0.06227797628045029,1.7987781501517222,1.4235592481446273,0.16648738723742945,1.4196626841448392,0.0
8480807,0.3078855445228231,1.4371997499548437,0.0,0.0,14.45,0.3,0.9333333333333332,15.683333333333334,0.0,1.756901586537498,1.4239423859639637,0.165989418980488,1.4065350239215713,0.0,-0.041876563614224205,-0.0003831378193364099,-0.0004979682569414556,0.013127660223267945,0.0,-0.029630009467234125,1.7987781501517222,1.4235592481446273,0.16648738723742945,1.4196626841448392,0.0
8480829,2.781789144122504,2.461913608135731,0.0,0.0,18.45,0.0,0.0,18.45,0.0,1.8337604104251541,1.4605110042287934,0.16648738723742945,1.4196626841448392,0.0,0.034982260273431987,-0.03695175608416612,0.0,0.0,0.0,-0.0019694958107341343,1.7987781501517222,1.4235592481446273,0.16648738723742945,1.4196626841448392,0.0
8480830,3.746325499533021,0.4040474245560141,0.0,0.708262119666639,22.55,0.5666666666666667,4.15,27.26666666666667,0.0,1.8828221511632013,1.3795634743011231,0.16554927468090433,1.391315950178593,0.0,0.08404400101147913,0.04399577384350417,-0.0009381125565251225,0.028346733966246207,0.0,0.15544839626470439,1.7987781501517222,1.4235592481446273,0.16648738723742945,1.4196626841448392,0.0
8480835,1.7326997241271442,2.09132902596183,0.0,0.8644964107695743,23.366666666666667,3.283333333333333,3.4,30.05,0.0,1.7958279573841769,1.4533730570899084,0.16119482385421602,1.401407700300778,0.0,-0.0029501927675452677,-0.029813808945281073,-0.005292563383213433,0.0182549838440611,0.0,-0.019801581251978673,1.7987781501517222,1.4235592481446273,0.16648738723742945,1.4196626841448392,0.0
8480848,0.2986527916352102,4.597133117959015,0.0,7.860098257660863,13.3,0.5666666666666667,1.5,15.366666666666667,0.0,1.7599087418753352,1.5057890016387467,0.16554927468090433,1.5148415349849775,0.0,-0.03886940827638696,-0.08222975349411943,-0.0009381125565251225,-0.09517885084013833,0.0,-0.21721612516716984,1.7987781501517222,1.4235592481446273,0.16648738723742945,1.4196626841448392,0.0
8480849,0.158679900320811,2.2513923160724207,0.0,0.0,10.233333333333333,0.45,1.8333333333333333,12.516666666666666,0.0,1.7658840387844987,1.4401624200172236,0.1657415502612538,1.394104108816536,0.0,-0.03289411136722342,-0.0166031718725963,-0.00074583697617564,0.02555857532830319,0.0,-0.024684544887692172,1.7987781501517222,1.4235592481446273,0.16648738723742945,1.4196626841448392,0.0
8480855,0.0254688979084811,0.3090699758457101,0.0,0.0,20.1,0.45,1.8333333333333333,22.383333333333336,0.0,1.7302461063715084,1.3804882341603777,0.1657415502612538,1.394104108816536,0.0,-0.06853204378021371,0.04307101398424962,-0.00074583697617564,0.02555857532830319,0.0,-0.0006482914438365461,1.7987781501517222,1.4235592481446273,0.16648738723742945,1.4196626841448392,0.0
8480865,0.5069901466261517,0.5652353126992625,3.2897657155990587,2.9796835944408504,27.566666666666663,2.25,6.35,36.16666666666666,0.0,1.731279023411617,1.3787096939263097,0.2352147832160472,1.5128092077027113,0.0,-0.06749912674010505,0.0448495542183176,0.06872739597861774,-0.09314652355787212,0.0,-0.04706870010104183,1.7987781501517222,1.4235592481446273,0.16648738723742945,1.4196626841448392,0.0
8480891,0.2727396246762526,0.6803285885734401,0.0,0.0,40.28333333333333,1.75,2.3,44.33333333333333,0.0,1.6849972599992031,1.3681442342882078,0.16362396780091348,1.3877445592813678,0.0,-0.11378089015251902,0.05541501385641956,-0.002863419436515968,0.03191812486347145,0.0,-0.029311170869143977,1.7987781501517222,1.4235592481446273,0.16648738723742945,1.4196626841448392,0.0
8480893,1.617472676824533,1.0765511787473945,0.0,0.0,9.633333333333333,1.5666666666666669,3.2666666666666666,14.466666666666669,0.0,1.7953510272665396,1.4169999354324945,0.1639193179232978,1.374754051786481,0.0,-0.003427122885182543,0.0065593127121328365,-0.0025680693141316435,0.04490863235835829,0.0,0.04547275287117694,1.7987781501517222,1.4235592481446273,0.16648738723742945,1.4196626841448392,0.0
8480980,1.9268044266727395,2.617565166904592,0.0,4.118615932814814,22.33333333333333,1.2333333333333334,1.9666666666666663,25.53333333333333,0.0,1.804252151764299,1.4746111923417666,0.1644590588450077,1.4717183368651818,0.0,0.00547400161257694,-0.05105194419713932,-0.0020283283924217577,-0.05205565272034263,0.0,-0.09966192369732677,1.7987781501517222,1.4235592481446273,0.16648738723742945,1.4196626841448392,0.0
8480990,1.1341675956902555,1.518799820616576,0.0,0.0,14.05,2.8666666666666667,5.3,22.21666666666667,0.0,1.780613033353388,1.4261623607664167,0.16184775168901114,1.3482076772505596,0.0,-0.018165116798334102,-0.0026031126217893608,-0.004639635548418314,0.07145500689427964,0.0,0.04604714192573786,1.7987781501517222,1.4235592481446273,0.16648738723742945,1.4196626841448392,0.0
8480995,0.8260738013252134,0.4168533509777437,0.0,0.0,12.916666666666666,0.4,0.4,13.716666666666669,0.0,1.7742827522527607,1.3982075967943646,0.1658240908739337,1.4140066575147798,0.0,-0.02449539789896149,0.02535165135026274,-0.0006632963634957412,0.005656026630059374,0.0,0.005848983717864881,1.7987781501517222,1.4235592481446273,0.16648738723742945,1.4196626841448392,0.0
8481006,0.0461688043499487,0.6972078767991085,0.0,0.0,19.183333333333334,0.05,1.1,20.33333333333333,0.0,1.734020891732479,1.3967212516623735,0.16640418514485703,1.404216304792126,0.0,-0.06475725841924307,0.026837996482253823,-8.320209257242639e-05,0.015446379352713313,0.0,-0.02255608467684836,1.7987781501517222,1.4235592481446273,0.16648738723742945,1.4196626841448392,0.0
8481014,0.9966708986882667,1.241566012223878,0.0,0.0,12.55,1.8666666666666667,1.1333333333333333,15.55,0.0,1.779138220377327,1.4191030680435535,0.16343657124093205,1.4037534780601573,0.0,-0.019639929774395215,0.004456180101073848,-0.003050815996497397,0.015909206084681937,0.0,-0.002325359585136827,1.7987781501517222,1.4235592481446273,0.16648738723742945,1.4196626841448392,0.0
8481122,0.8893166404606686,0.5357567943743802,0.0,12.0,10.05,1.2833333333333334,0.45,11.783333333333337,0.0,1.7808581654984625,1.4060660324591239,0.1643778712233959,1.467060910049616,0.0,-0.017919984653259613,0.017493215685503438,-0.002109516014033558,-0.047398225904776714,0.0,-0.04993451088656645,1.7987781501517222,1.4235592481446273,0.16648738723742945,1.4196626841448392,0.0
8481161,0.4443437296599715,0.694300515131012,0.0,0.0035948106866039,35.06666666666667,1.4666666666666666,5.883333333333334,42.41666666666667,0.0,1.7100125751232322,1.3757658151063563,0.16408086784240747,1.340979863535559,0.0,-0.08876557502848992,0.047793433038270994,-0.002406519395021983,0.07868282060928022,0.0,0.035304159224039317,1.7987781501517222,1.4235592481446273,0.16648738723742945,1.4196626841448392,0.0
8481186,1.3878317768959436,1.1733232213713016,0.0,0.4418226423477144,19.55,3.3666666666666667,6.883333333333334,29.8,0.0,1.7833147653049308,1.414143187470162,0.16106486994914168,1.3566893585153033,0.0,-0.015463384846791328,0.00941606067446532,-0.00542251728828777,0.06297332562953595,0.0,0.05150348416892217,1.7987781501517222,1.4235592481446273,0.16648738723742945,1.4196626841448392,0.0
8481237,0.3295745047614974,0.5894698658288652,12.0,4.73024770617485,26.433333333333334,0.3666666666666666,4.0,30.8,0.0,1.7250063214431524,1.3816778525784654,0.2097184196985348,1.5469928772998396,0.0,-0.0737718287085698,0.04188139556616188,0.04323103246110535,-0.12733019315500038,0.0,-0.11598959383630295,1.7987781501517222,1.4235592481446273,0.16648738723742945,1.4196626841448392,0.0
8481481,2.3274452217635653,3.190176297884497,0.0,4.118615932814814,29.55,1.2333333333333334,1.9666666666666663,32.75,0.0,1.82827888089694,1.5221401825602883,0.1644590588450077,1.4717183368651818,0.0,0.02950073074521775,-0.09858093441566096,-0.0020283283924217577,-0.05205565272034263,0.0,-0.12316418478320759,1.7987781501517222,1.4235592481446273,0.16648738723742945,1.4196626841448392,0.0
8481519,1.014962389709098,5.0,0.0,3.505177287122218,20.216666666666665,1.9666666666666663,7.116666666666666,29.3,0.0,1.768317492175337,1.5625469337884477,0.16327628692784843,1.5582210683787494,0.0,-0.030460657976385086,-0.13898768564382036,-0.003211100309581022,-0.1385583842339102,0.0,-0.3112178281636967,1.7987781501517222,1.4235592481446273,0.16648738723742945,1.4196626841448392,0.0
8481522,1.4358978584827895,1.5850249464713058,0.0,1.186912428391606,17.183333333333334,1.2666666666666666,3.8,22.25,0.0,1.7867215106392778,1.4289239200847779,0.16440492485592112,1.4111419618725627,0.0,-0.0120566395124444,-0.005364671940150556,-0.002082462381508332,0.008520722272276515,0.0,-0.010983051561826773,1.7987781501517222,1.4235592481446273,0.16648738723742945,1.4196626841448392,0.0
8481524,0.4888403733119353,1.6154213044734624,0.0,1.792159163399246,16.116666666666667,0.5666666666666667,2.5166666666666666,19.2,0.0,1.7578729985321246,1.4295504842498354,0.16554927468090433,1.4288070457717967,0.0,-0.04090515161959751,-0.005991236105208131,-0.0009381125565251225,-0.009144361626957531,0.0,-0.0569788619082883,1.7987781501517222,1.4235592481446273,0.16648738723742945,1.4196626841448392,0.0
8481528,0.5802973197854079,0.7037238323170204,0.0,0.0,7.666666666666667,0.4333333333333333,2.8833333333333333,10.983333333333334,0.0,1.7803769294698935,1.4126884572293057,0.16576905466720487,1.3798762522062262,0.0,-0.0184012206818287,0.010870790915321615,-0.000718332570224578,0.039786431938612976,0.0,0.03153766960188131,1.7987781501517222,1.4235592481446273,0.16648738723742945,1.4196626841448392,0.0
8481532,1.792437598010562,1.505781345189669,0.0,1.1630833269663816,17.616666666666667,1.7,1.1,20.416666666666668,0.0,1.7985623545625407,1.4263576110443474,0.16370441222952747,1.416871019526676,0.0,-0.0002157955891815,-0.0027983628997201304,-0.0027829750079019777,0.002791664618163159,0.0,-0.0030054688786404493,1.7987781501517222,1.4235592481446273,0.16648738723742945,1.4196626841448392,0.0
8481554,1.6059666519951163,3.281633086195717,0.0,2.5290134762014658,15.783333333333331,1.1833333333333331,2.1,19.066666666666663,0.0,1.7928779824858967,1.480417616472232,0.1645403267047565,1.4424798894662783,0.0,-0.005900167665825462,-0.056858368327604714,-0.0019470605326729618,-0.02281720532143905,0.0,-0.08752280184754219,1.7987781501517222,1.4235592481446273,0.16648738723742945,1.4196626841448392,0.0
8481557,4.198712057927075,0.1633268594741816,0.0,0.0,4.25,2.4833333333333334,5.866666666666666,12.6,0.0,1.819005654580171,1.4129375572138403,0.16245313439983358,1.3409912003887021,0.0,0.020227504428448784,0.01062169093078702,-0.00403425283759587,0.07867148375613708,0.0,0.10548642627777702,1.7987781501517222,1.4235592481446273,0.16648738723742945,1.4196626841448392,0.0
8481567,0.7474669436635697,2.8837338864671445,0.0,2.88738303342644,22.6,0.65,4.083333333333333,27.333333333333336,0.0,1.7533138691210441,1.4867049558103158,0.16541220788616934,1.4772433863984809,0.0,-0.04546428103067801,-0.0631457076656885,-0.0010751793512601138,-0.05758070225364165,0.0,-0.16726587030126827,1.7987781501517222,1.4235592481446273,0.16648738723742945,1.4196626841448392,0.0
8481577,3.2587424946161447,2.073721236846884,0.0,8.836303274039054,26.016666666666666,1.6833333333333331,0.9166666666666669,28.616666666666667,0.0,1.8709876600439614,1.4557161146686355,0.1637312446196651,1.4870310132025075,0.0,0.07220950989223929,-0.032156866524008176,-0.0027561426177643567,-0.06736832905766832,0.0,-0.030071828307201565,1.7987781501517222,1.4235592481446273,0.16648738723742945,1.4196626841448392,0.0
8481582,0.8537110402470541,1.4829255569548834,0.0,0.0,15.75,0.0,0.0,15.75,0.0,1.7699176421905036,1.425372179533404,0.16648738723742945,1.4196626841448392,0.0,-0.02886050796121853,-0.0018129313887766951,0.0,0.0,0.0,-0.030673439349995224,1.7987781501517222,1.4235592481446273,0.16648738723742945,1.4196626841448392,0.0
8481598,0.0,0.9014206400875564,0.0,0.0,11.116666666666667,0.5,1.1,12.716666666666669,0.0,1.759655150635917,1.4122028568584217,0.16565909177853677,1.404216304792126,0.0,-0.03912299951580511,0.01135639128620558,-0.0008282954588926805,0.015446379352713313,0.0,-0.0131485243357789,1.7987781501517222,1.4235592481446273,0.16648738723742945,1.4196626841448392,0.0
8481601,2.240896973703882,1.1513537034539163,12.0,7.775749653986056,13.533333333333331,0.3666666666666666,2.433333333333333,16.333333333333332,0.0,1.8104294705698827,1.416385715031267,0.2097184196985348,1.5706533606168238,0.0,0.011651320418160527,0.00717353311336022,0.04323103246110535,-0.1509906764719846,0.0,-0.08893479047935851,1.7987781501517222,1.4235592481446273,0.16648738723742945,1.4196626841448392,0.0
8481604,1.4929542321610312,0.7134093584108678,0.0,0.0,34.266666666666666,1.55,0.5166666666666667,36.333333333333336,0.0,1.7791632894270886,1.3780118257184792,0.16394622081480006,1.412365462588134,0.0,-0.019614860724633587,0.045547422426148065,-0.0025411664226293873,0.007297221556705313,0.0,0.030688616835590404,1.7987781501517222,1.4235592481446273,0.16648738723742945,1.4196626841448392,0.0
8481624,3.559824956049654,0.764597437497395,0.0,0.0,11.166666666666666,0.9166666666666666,0.6166666666666667,12.7,0.0,1.8372490128824561,1.4091639298161744,0.16497511534675088,1.4109617533326213,0.0,0.03847086273073397,0.014395318328452866,-0.0015122718906785682,0.0087009308122179,0.0,0.060054839980726166,1.7987781501517222,1.4235592481446273,0.16648738723742945,1.4196626841448392,0.0
8481641,1.9286016869701503,1.2793436562050235,0.0,0.0,23.616666666666667,1.25,4.5,29.366666666666667,0.0,1.8046335772030546,1.4170546966668154,0.16443198739499204,1.3585288843491283,0.0,0.0058554270513324624,0.006504551477811926,-0.002055399842437411,0.061133799795710875,0.0,0.07143837848241785,1.7987781501517222,1.4235592481446273,0.16648738723742945,1.4196626841448392,0.0
8481668,1.4176129688722945,5.0,0.0,4.991415837636879,17.283333333333335,1.2333333333333334,2.2333333333333334,20.750000000000004,0.0,1.7860427603593207,1.543054336576951,0.1644590588450077,1.4976892447199832,0.0,-0.012735389792401408,-0.11949508843232359,-0.0020283283924217577,-0.07802656057514401,0.0,-0.21228536719229077,1.7987781501517222,1.4235592481446273,0.16648738723742945,1.4196626841448392,0.0
8481704,0.0603599263274149,1.4051511883735657,0.0,0.5631875039802655,11.5,3.0,5.4,19.9,0.0,1.7596934784528375,1.4231453816981616,0.16163824003633928,1.3757825515747377,0.0,-0.03908467169888463,0.0004138664464656827,-0.00484914720109017,0.04388013257010148,0.0,0.0003601801165923624,1.7987781501517222,1.4235592481446273,0.16648738723742945,1.4196626841448392,0.0
8481716,1.9585406899271405,0.3193696036076039,0.0,0.0,16.483333333333334,2.25,4.166666666666667,22.9,0.0,1.803876899767324,1.3883195321664699,0.162823850598953,1.3628761767790456,0.0,0.005098749615601861,0.03523971597815745,-0.003663536638476461,0.056786507365793604,0.0,0.09346143632107645,1.7987781501517222,1.4235592481446273,0.16648738723742945,1.4196626841448392,0.0
8481719,1.841343273758417,0.4022621766851823,0.0,0.0,16.866666666666667,0.0,0.0,16.866666666666667,0.0,1.8001671577968263,1.3902317414918168,0.16648738723742945,1.4196626841448392,0.0,0.00138900764510419,0.03332750665281048,0.0,0.0,0.0,0.03471651429791467,1.7987781501517222,1.4235592481446273,0.16648738723742945,1.4196626841448392,0.0
8481726,3.251330182003032,2.670908551722939,0.0,0.0,23.0,1.2333333333333334,1.9666666666666663,26.2,0.0,1.8626571113994852,1.4784139976327748,0.1644590588450077,1.3922811547677403,0.0,0.06387896124776304,-0.0548547494881475,-0.0020283283924217577,0.027381529377098923,0.0,0.03437741274429271,1.7987781501517222,1.4235592481446273,0.16648738723742945,1.4196626841448392,0.0
8481806,0.7516046115305535,3.370658573369647,0.0,0.0,21.5,1.0166666666666666,3.4166666666666665,25.933333333333334,0.0,1.7556060867186347,1.503832758197049,0.16481180059801628,1.3727600491328018,0.0,-0.04317206343308744,-0.08027351005242167,-0.001675586639413168,0.0469026350120374,0.0,-0.07821852511288488,1.7987781501517222,1.4235592481446273,0.16648738723742945,1.4196626841448392,0.0
8482055,0.2268176448756248,0.2025023719360088,0.0,0.0,7.25,2.316666666666667,0.7,10.266666666666667,0.0,1.7763105036987863,1.406106981308723,0.16271775915044417,1.4097941252679633,0.0,-0.022467646452935863,0.017452266835904284,-0.003769628086985277,0.009868558876875877,0.0,0.0010835511728590208,1.7987781501517222,1.4235592481446273,0.16648738723742945,1.4196626841448392,0.0
8482070,0.0,0.3571338616159079,0.0,0.0,12.216666666666669,0.6666666666666666,0.45,13.333333333333334,0.0,1.7558762406713195,1.3981243798165905,0.16538482175903588,1.4133028214483216,0.0,-0.04290190948040262,0.025434868328036764,-0.0011025654783935745,0.00635986269651756,0.0,-0.012209743934241873,1.7987781501517222,1.4235592481446273,0.16648738723742945,1.4196626841448392,0.0
8482073,2.428279031370963,2.621715374477314,0.0,0.0,26.03333333333333,1.2333333333333334,1.9666666666666663,29.23333333333333,0.0,1.829932081349506,1.4828558665253275,0.1644590588450077,1.3922811547677403,0.0,0.031153931197783757,-0.05929661838070022,-0.0020283283924217577,0.027381529377098923,0.0,-0.0027894861982392938,1.7987781501517222,1.4235592481446273,0.16648738723742945,1.4196626841448392,0.0
8482077,0.4444913857475339,0.9354866133959238,0.0,0.0,52.016666666666666,0.7833333333333333,1.0166666666666666,53.81666666666666,0.0,1.6711633742782441,1.3775680433787476,0.16519337248628688,1.4053747079473744,0.0,-0.12761477587347803,0.0459912047658797,-0.0012940147511425748,0.014287976197464802,0.0,-0.0686296096612761,1.7987781501517222,1.4235592481446273,0.16648738723742945,1.4196626841448392,0.0
8482079,1.9816812346963315,0.5226070255175973,0.0,0.0,11.05,0.45,0.8666666666666667,12.366666666666667,0.0,1.8027329081679984,1.4040787236166383,0.1657415502612538,1.4074646571164964,0.0,0.003954758016276205,0.019480524527988985,-0.00074583697617564,0.012198027028342828,0.0,0.03488747259643238,1.7987781501517222,1.4235592481446273,0.16648738723742945,1.4196626841448392,0.0
8482089,1.6052917748670998,0.792501588935995,0.0,0.0,13.316666666666666,1.0666666666666669,1.2166666666666666,15.6,0.0,1.7937586490688162,1.4071880974674071,0.16473026441698166,1.4025977449150395,0.0,-0.005019501082905942,0.01637115067722017,-0.0017571228204477929,0.01706493922979968,0.0,0.026659466003666116,1.7987781501517222,1.4235592481446273,0.16648738723742945,1.4196626841448392,0.0
8482093,3.7811575353006335,0.1339389644476155,0.0,0.0,14.266666666666667,0.0,2.083333333333333,16.35,0.0,1.8537728595660166,1.3877829011506992,0.16648738723742945,1.3906899763051488,0.0,0.05499470941429441,0.035776346993928065,0.0,0.028972707839690415,0.0,0.11974376424791289,1.7987781501517222,1.4235592481446273,0.16648738723742945,1.4196626841448392,0.0
8482097,0.381187730544322,1.4167002777795532,0.0,1.208107293184313,15.416666666666666,1.2666666666666666,3.733333333333333,20.416666666666664,0.0,1.7563764965337159,1.4233540889663674,0.16440492485592112,1.4120488654470311,0.0,-0.042401653618006296,0.00020515917825991714,-0.002082462381508332,0.0076138186978080835,0.0,-0.03666513812344663,1.7987781501517222,1.4235592481446273,0.16648738723742945,1.4196626841448392,0.0
8482109,3.0132970209654726,2.671364407072195,0.0,0.0,23.0,1.2333333333333334,2.2333333333333334,26.46666666666667,0.0,1.852189113877757,1.4784340448087459,0.1644590588450077,1.3886495117165039,0.0,0.05341096372603493,-0.05487479666411854,-0.0020283283924217577,0.031013172428335345,0.0,0.027521011097829978,1.7987781501517222,1.4235592481446273,0.16648738723742945,1.4196626841448392,0.0
8482117,4.264896165518264,0.2128545297020309,0.0,0.0,9.116666666666667,1.4666666666666666,1.4833333333333334,12.066666666666666,0.0,1.8429385113788639,1.4018793620350878,0.16408086784240747,1.3989121538625449,0.0,0.04416036122714173,0.021679886109539526,-0.002406519395021983,0.020750530282294344,0.0,0.08418425822395362,1.7987781501517222,1.4235592481446273,0.16648738723742945,1.4196626841448392,0.0
8482122,1.5946430333563753,0.9643371112613754,0.0,0.0,28.116666666666667,3.1333333333333333,6.516666666666667,37.766666666666666,0.0,1.7879100988362377,1.3991104917170056,0.16142927010739763,1.3328080276747043,0.0,-0.010868051315484406,0.024448756427621676,-0.0050581171300318195,0.0868546564701349,0.0,0.09537724445224036,1.7987781501517222,1.4235592481446273,0.16648738723742945,1.4196626841448392,0.0
8482124,2.066472508009146,1.6185470424780406,0.0,1.4802262150865149,42.66666666666666,6.5,9.0,58.16666666666666,0.0,1.8198253723911264,1.4388899838170333,0.15632618519946428,1.4246633426629594,0.0,0.02104722223940425,-0.015330735672405948,-0.010161202037965167,-0.005000658518120149,0.0,-0.009445373989087014,1.7987781501517222,1.4235592481446273,0.16648738723742945,1.4196626841448392,0.0
8482137,0.546027757323806,4.780823790394781,0.0,3.401004053795566,25.766666666666666,0.65,3.466666666666667,29.883333333333333,0.0,1.7373836117851476,1.588091391120559,0.16541220788616934,1.486047833127982,0.0,-0.0613945383665746,-0.16453214297593166,-0.0010751793512601138,-0.06638514898314285,0.0,-0.2933870096769092,1.7987781501517222,1.4235592481446273,0.16648738723742945,1.4196626841448392,0.0
8482149,1.714654902246801,0.105901585648889,0.0,0.1084519821134454,15.333333333333334,0.45,1.8333333333333333,17.616666666666667,0.0,1.7962751298388977,1.3843533927275482,0.1657415502612538,1.3960565994928829,0.0,-0.0025030203128244555,0.039205855417079105,-0.00074583697617564,0.02360608465195635,0.0,0.05956308278003536,1.7987781501517222,1.4235592481446273,0.16648738723742945,1.4196626841448392,0.0
8482155,3.3876676351845623,2.442690007007553,0.0,1.7886352820177716,11.966666666666669,2.2333333333333334,3.466666666666667,17.666666666666668,0.0,1.8359167220071024,1.4473803264981522,0.16285039508062873,1.43202516809419,0.0,0.037138571855380276,-0.02382107835352487,-0.003636992156800717,-0.0123624839493508,0.0,-0.0026819826042961126,1.7987781501517222,1.4235592481446273,0.16648738723742945,1.4196626841448392,0.0
8482157,2.585158755152714,2.589706737479436,0.0,0.0,21.566666666666663,1.2333333333333334,1.9666666666666663,24.766666666666666,0.0,1.8312948147798072,1.4717791897052859,0.1644590588450077,1.3922811547677403,0.0,0.032516664628085,-0.048219941560658564,-0.0020283283924217577,0.027381529377098923,0.0,0.009649924052103603,1.7987781501517222,1.4235592481446273,0.16648738723742945,1.4196626841448392,0.0
8482175,0.3052507667714199,0.1295685588234147,0.0,0.0,8.283333333333333,0.3,2.066666666666667,10.65,0.0,1.7744386049656378,1.402471489591568,0.165989418980488,1.3909170648055251,0.0,-0.024339545186084388,0.021087758553059333,-0.0004979682569414556,0.028745619339314077,0.0,0.024995864449347566,1.7987781501517222,1.4235592481446273,0.16648738723742945,1.4196626841448392,0.0
8482176,1.2814100235632313,3.0235609185071963,0.0,3.5954702486307606,24.71666666666667,0.5333333333333333,4.983333333333333,30.23333333333333,0.0,1.7744076348980697,1.4989269855631608,0.1656041650239683,1.5229435956833834,0.0,-0.024370515253652414,-0.07536773741853353,-0.0008832222134611545,-0.10328091153854424,0.0,-0.20390238642419134,1.7987781501517222,1.4235592481446273,0.16648738723742945,1.4196626841448392,0.0
8482221,1.0938878071848108,1.9149234783202929,1.8439247339002545,0.8673590822861735,23.916666666666668,2.583333333333333,5.2,31.700000000000003,0.0,1.7666000797792865,1.4459899041109732,0.2087299199316192,1.3923625061061982,0.0,-0.032178070372435696,-0.022430655966345858,0.04224253269418976,0.027300178038641043,0.0,0.014933984394049249,1.7987781501517222,1.4235592481446273,0.16648738723742945,1.4196626841448392,0.0
8482451,1.6437236997711508,0.4749956877925727,0.0,0.0,26.33333333333333,0.2666666666666666,0.3333333333333333,26.933333333333334,0.0,1.7910205177387613,1.3761010332821748,0.16604460163307458,1.414946196822099,0.0,-0.007757632412960902,0.0474582148624525,-0.0004427856043548728,0.004716487322740104,0.0,0.043974284167876826,1.7987781501517222,1.4235592481446273,0.16648738723742945,1.4196626841448392,0.0
8482460,4.445005212232068,2.795170420344201,0.0,0.0,13.966666666666669,1.2333333333333334,1.9666666666666663,17.166666666666668,0.0,1.8706874269538276,1.4608317743234729,0.1644590588450077,1.3922811547677403,0.0,0.07190927680210546,-0.03727252617884558,-0.0020283283924217577,0.027381529377098923,0.0,0.05998995160793705,1.7987781501517222,1.4235592481446273,0.16648738723742945,1.4196626841448392,0.0
8482511,4.725503021261689,0.4497719698852063,0.0,0.0,16.483333333333334,0.5666666666666667,1.5,18.55,0.0,1.8921832583361669,1.3924812650474454,0.16554927468090433,1.3986824474333392,0.0,0.0934051081844447,0.031077983097181905,-0.0009381125565251225,0.020980236711499956,0.0,0.14452521543660143,1.7987781501517222,1.4235592481446273,0.16648738723742945,1.4196626841448392,0.0
8482659,0.1084960565667906,1.668008445930109,0.0,0.0,14.966666666666669,0.45,1.0,16.416666666666668,0.0,1.7496528566039433,1.430663765576544,0.1657415502612538,1.4056066179651874,0.0,-0.04912529354777884,-0.007104517431916646,-0.00074583697617564,0.014056066179651827,0.0,-0.042919581776219295,1.7987781501517222,1.4235592481446273,0.16648738723742945,1.4196626841448392,0.0
8482660,1.7546599675523171,2.3492462933063507,0.0,0.0,15.15,1.2,3.5,19.85,0.0,1.7974806824891365,1.450782695168213,0.16451322849548364,1.3716547672896997,0.0,-0.0012974676625856496,-0.0272234470235857,-0.001974158741945814,0.0480079168551395,0.0,0.017512843427022334,1.7987781501517222,1.4235592481446273,0.16648738723742945,1.4196626841448392,0.0
8482665,0.1963279687049912,2.771314656043925,0.0,1.8744452823610864,5.466666666666667,2.15,2.833333333333333,10.45,0.0,1.7814475098353635,1.4381353419784104,0.16298324741794365,1.4321931609190308,0.0,-0.01733064031635867,-0.01457609383378311,-0.003504139819485802,-0.012530476774191612,0.0,-0.047941350743819194,1.7987781501517222,1.4235592481446273,0.16648738723742945,1.4196626841448392,0.0
8482703,2.064305867772963,1.7279520011026146,0.0,2.742463276379075,26.666666666666664,2.183333333333333,6.533333333333333,35.38333333333333,0.0,1.812222591550266,1.4389715394336395,0.16293008048027674,1.5007856240941226,0.0,0.01344444139854395,-0.015412291289012225,-0.0035573067571527117,-0.08112293994928343,0.0,-0.08664809659690442,1.7987781501517222,1.4235592481446273,0.16648738723742945,1.4196626841448392,0.0
8482705,1.8186840484664268,0.7095171964834595,0.0,0.0088739033032951,14.616666666666667,0.2666666666666666,2.3833333333333333,17.266666666666666,0.0,1.7993435377483797,1.4032782985929595,0.16604460163307458,1.3868215974347071,0.0,0.000565387596657585,0.020280949551667815,-0.0004427856043548728,0.032841086710132084,0.0,0.05324463825410261,1.7987781501517222,1.4235592481446273,0.16648738723742945,1.4196626841448392,0.0
8482713,3.666190725636641,1.0768725840796678,1.2067957811862753,3.1668633835839093,15.066666666666666,0.7166666666666667,3.9,19.683333333333334,0.0,1.8534034727066782,1.4134180125662321,0.17388987953261403,1.4852457710342748,0.0,0.054625322554956,0.010141235578395191,0.007402492295184582,-0.0655830868894356,0.0,0.006585963539100181,1.7987781501517222,1.4235592481446273,0.16648738723742945,1.4196626841448392,0.0
8482726,1.0976771046863312,0.1671252026026232,0.0,0.0,16.516666666666666,2.316666666666667,0.7,19.53333333333333,0.0,1.7763590240810498,1.3833822245206033,0.16271775915044417,1.4097941252679633,0.0,-0.022419126070672313,0.04017702362402398,-0.003769628086985277,0.009868558876875877,0.0,0.023856828343242265,1.7987781501517222,1.4235592481446273,0.16648738723742945,1.4196626841448392,0.0
8482730,1.419562348026423,1.8850298221652253,0.0,6.220690362722579,9.05,3.25,1.6166666666666667,13.916666666666666,0.0,1.792036370347707,1.431763370912305,0.16124686415247405,1.496044459578994,0.0,-0.006741779804015247,-0.00820412276767768,-0.005240523084955401,-0.0763817754341547,0.0,-0.09656820109080302,1.7987781501517222,1.4235592481446273,0.16648738723742945,1.4196626841448392,0.0
8482758,3.431957393045366,3.9221502099497,0.0,12.0,12.133333333333333,0.75,0.3333333333333333,13.216666666666669,0.0,1.8374710194834905,1.4827552329205351,0.16524802703466943,1.4548133064566506,0.0,0.0386928693317683,-0.05919598477590782,-0.001239360202760026,-0.03515062231181143,0.0,-0.056893097958710975,1.7987781501517222,1.4235592481446273,0.16648738723742945,1.4196626841448392,0.0
8482807,1.7553889992263063,2.9114555013404133,0.0,3.348346088593259,22.933333333333334,1.6166666666666667,7.45,32.0,0.0,1.7968753113044067,1.48881120009508,0.16383866219855286,1.5533871267985453,0.0,-0.0019028388473154578,-0.06525195195045264,-0.002648725038876587,-0.1337244426537061,0.0,-0.20352795849035077,1.7987781501517222,1.4235592481446273,0.16648738723742945,1.4196626841448392,0.0
8482809,1.9941767648754525,2.2092721586068165,0.0,0.0,15.033333333333331,0.3,2.083333333333333,17.416666666666668,0.0,1.8044816499407588,1.4464934609864142,0.165989418980488,1.3906899763051488,0.0,0.005703499789036615,-0.022934212841786872,-0.0004979682569414556,0.028972707839690415,0.0,0.011244026529998702,1.7987781501517222,1.4235592481446273,0.16648738723742945,1.4196626841448392,0.0
8482858,2.231468251465182,0.7981858284849865,0.0,0.659495443105696,9.5,0.7333333333333333,1.5,11.733333333333334,0.0,1.8068459734343087,1.4118987035189814,0.16527536787302724,1.4084286855087929,0.0,0.008067823282586595,0.011660544625645919,-0.0012120193644022115,0.01123399863604635,0.0,0.02975034717987665,1.7987781501517222,1.4235592481446273,0.16648738723742945,1.4196626841448392,0.0
8483431,0.2812729482233089,0.453453030255385,0.0,0.0,13.7,0.45,1.0666666666666669,15.216666666666669,0.0,1.75830740600841,1.3976872310430453,0.1657415502612538,1.4046794368187725,0.0,-0.04047074414331209,0.025872017101582045,-0.00074583697617564,0.014983247326066707,0.0,-0.0003613166918389754,1.7987781501517222,1.4235592481446273,0.16648738723742945,1.4196626841448392,0.0
8483432,1.0881016420763592,2.7589985537667605,0.0,0.0,12.9,1.2,3.5,17.6,0.0,1.7809038531071286,1.4571470177732597,0.16451322849548364,1.3716547672896997,0.0,-0.017874297044593535,-0.03358776962863241,-0.001974158741945814,0.0480079168551395,0.0,-0.005428308560032263,1.7987781501517222,1.4235592481446273,0.16648738723742945,1.4196626841448392,0.0
8483447,1.333661519453132,0.4620585522970881,0.0,0.0,11.016666666666667,0.0,0.0,11.016666666666667,0.0,1.788751011673141,1.4028308974725936,0.16648738723742945,1.4196626841448392,0.0,-0.010027138478581055,0.020728350672033713,0.0,0.0,0.0,0.010701212193452658,1.7987781501517222,1.4235592481446273,0.16648738723742945,1.4196626841448392,0.0
8483448,0.4773563146591186,0.8537892303238175,0.0,0.0,18.25,0.9333333333333332,0.5,19.683333333333334,0.0,1.752244723238572,1.4034949879898182,0.16494787374910447,1.412599685716258,0.0,-0.0465334269131501,0.02006426015480911,-0.001539513488324984,0.007062998428581269,0.0,-0.020945681818084705,1.7987781501517222,1.4235592481446273,0.16648738723742945,1.4196626841448392,0.0
8483460,0.3849611687565979,1.632015678015622,0.0,0.0,12.65,1.1,0.9166666666666666,14.666666666666668,0.0,1.7638912198588357,1.4287030574450625,0.16467595176798167,1.4067673170716821,0.0,-0.034886930292886476,-0.0051438093004352314,-0.0018114354694477863,0.012895367073157082,0.0,-0.02894680798961241,1.7987781501517222,1.4235592481446273,0.16648738723742945,1.4196626841448392,0.0
8483468,3.1936813197560854,0.2962106345827702,0.0,4.586712435140443,15.616666666666667,1.1333333333333333,0.9833333333333332,17.733333333333334,0.0,1.8410260820752857,1.3894148368924872,0.16462167492165072,1.4505020859122497,0.0,0.042247931923563575,0.03414441125214007,-0.001865712315778728,-0.030839401767410513,0.0,0.04368722909251441,1.7987781501517222,1.4235592481446273,0.16648738723742945,1.4196626841448392,0.0
8483493,2.75010514826729,2.4482494326184807,0.0,0.0,27.683333333333334,2.2333333333333334,1.3333333333333333,31.25,0.0,1.8486866856960815,1.4773165646037119,0.16285039508062873,1.4009829119850388,0.0,0.04990853554435937,-0.05375731645908455,-0.003636992156800717,0.018679772159800434,0.0,0.011193999088274537,1.7987781501517222,1.4235592481446273,0.16648738723742945,1.4196626841448392,0.0
8483503,0.6831951470168167,1.692694106162333,0.0,0.0,12.1,0.9333333333333332,0.5833333333333334,13.616666666666667,0.0,1.772418934494756,1.4299184197556685,0.16494787374910447,1.4114293462914724,0.0,-0.026359215656966084,-0.006359171611041159,-0.001539513488324984,0.008233337853366773,0.0,-0.026024562902965453,1.7987781501517222,1.4235592481446273,0.16648738723742945,1.4196626841448392,0.0
8483505,1.121723157918359,1.1892301771115128,0.0,0.0,10.583333333333334,0.0,0.0,10.583333333333334,0.0,1.7847442046623085,1.4187020926001184,0.16648738723742945,1.4196626841448392,0.0,-0.014033945489413613,0.00485715554450894,0.0,0.0,0.0,-0.009176789944904673,1.7987781501517222,1.4235592481446273,0.16648738723742945,1.4196626841448392,0.0
8483506,2.098847377924806,2.300190436382582,0.0,5.119264782574274,9.133333333333333,0.2666666666666666,3.5,12.9,0.0,1.8041610864100581,1.4392851186158333,0.16604460163307458,1.5447700014830326,0.0,0.0053829362583359686,-0.015725870471205994,-0.0004427856043548728,-0.12510731733819336,0.0,-0.13589303715541826,1.7987781501517222,1.4235592481446273,0.16648738723742945,1.4196626841448392,0.0
8483553,1.015155165973349,0.6496867319003335,5.0467996773394646,3.216032434793098,23.98333333333333,1.4666666666666666,5.883333333333334,31.333333333333336,0.0,1.7629108046816793,1.3881381930577754,0.23703066606939052,1.5194767124745787,0.0,-0.03586734547004289,0.035421055086851894,0.07054327883196107,-0.09981402832973951,0.0,-0.029717039880969437,1.7987781501517222,1.4235592481446273,0.16648738723742945,1.4196626841448392,0.0
8483690,3.313481291310523,2.203762491429803,0.0,0.0,28.116666666666667,1.2333333333333334,1.9666666666666663,31.316666666666663,0.0,1.8794201862906716,1.4650968778167985,0.1644590588450077,1.3922811547677403,0.0,0.08064203613894949,-0.04153762967217123,-0.0020283283924217577,0.027381529377098923,0.0,0.06445760745145543,1.7987781501517222,1.4235592481446273,0.16648738723742945,1.4196626841448392,0.0
8483808,4.018264204963165,2.3403601129545426,0.0,7.869641600588244,12.683333333333334,3.316666666666667,3.1333333333333333,19.133333333333333,0.0,1.8536862769262585,1.4462400926594465,0.1611428171357601,1.615621966027735,0.0,0.05490812677453638,-0.02268084451481922,-0.00534457010166936,-0.1959592818828957,0.0,-0.16907656972484789,1.7987781501517222,1.4235592481446273,0.16648738723742945,1.4196626841448392,0.0
8484144,1.136351731701981,3.2788121205341025,0.0,2.7563732994497,26.03333333333333,1.5499999999999998,9.05,36.63333333333333,0.0,1.765994737642423,1.5153755141186582,0.16394622081480006,1.53059556877124,0.0,-0.03278341250929917,-0.09181626597403092,-0.0025411664226293873,-0.11093288462640083,0.0,-0.2380737295323603,1.7987781501517222,1.4235592481446273,0.16648738723742945,1.4196626841448392,0.0
8484145,3.1211683899164195,0.5990552376298341,0.0,1.4549249122219683,8.5,1.2666666666666666,3.1,12.866666666666667,0.0,1.820883001750542,1.4097769785490013,0.16440492485592112,1.4207229451248498,0.0,0.022104851598819808,0.013782269595626007,-0.002082462381508332,-0.0010602609800105522,0.0,0.03274439783292693,1.7987781501517222,1.4235592481446273,0.16648738723742945,1.4196626841448392,0.0
8484149,2.267092282486575,0.3997779256196196,0.0,0.0,6.566666666666666,1.5333333333333334,2.716666666666667,10.816666666666666,0.0,1.8048489459712895,1.4102878840242465,0.1639731325385057,1.3821152206505005,0.0,0.006070795819567376,0.013271364120380769,-0.0025142546989237458,0.037547463494338684,0.0,0.05437536873536308,1.7987781501517222,1.4235592481446273,0.16648738723742945,1.4196626841448392,0.0
8484166,1.1077004824698815,0.3742376042273937,0.0,0.0038107152323459,14.066666666666666,1.2,5.55,20.816666666666663,0.0,1.7798678417765608,1.3948461283331195,0.16451322849548364,1.3452147596781,0.0,-0.01891030837516139,0.028713119811507815,-0.001974158741945814,0.07444792446673931,0.0,0.08227657716113992,1.7987781501517222,1.4235592481446273,0.16648738723742945,1.4196626841448392,0.0
8484227,1.2920929024193275,2.6228223892730727,0.0,0.0,12.116666666666667,0.0,0.0,12.116666666666667,0.0,1.786789990712094,1.4519337820594376,0.16648738723742945,1.4196626841448392,0.0,-0.011988159439628054,-0.028374533914810263,0.0,0.0,0.0,-0.04036269335443832,1.7987781501517222,1.4235592481446273,0.16648738723742945,1.4196626841448392,0.0
8484258,2.27113557403658,1.9107475914773293,0.0,0.0,6.1,1.5333333333333334,2.716666666666667,10.35,0.0,1.804471452435258,1.4294313068174775,0.1639731325385057,1.3821152206505005,0.0,0.005693302283535928,-0.005872058672850233,-0.0025142546989237458,0.037547463494338684,0.0,0.03485445240610063,1.7987781501517222,1.4235592481446273,0.16648738723742945,1.4196626841448392,0.0
8484783,2.150470686308377,3.0970550186656944,0.0,3.6955819792621902,19.933333333333334,1.25,6.75,27.933333333333334,0.0,1.8122614259961691,1.4877181448475123,0.16443198739499204,1.5635732718923063,0.0,0.013483275844446974,-0.064158896702885,-0.002055399842437411,-0.14391058774746712,0.0,-0.19664160844834255,1.7987781501517222,1.4235592481446273,0.16648738723742945,1.4196626841448392,0.0
8484801,0.7645643968135116,2.8609847969242503,0.0,2.88738303342644,21.0,0.65,4.083333333333333,25.73333333333333,0.0,1.7570919911879939,1.4814977059649193,0.16541220788616934,1.4772433863984809,0.0,-0.04168615896372829,-0.057938457820291944,-0.0010751793512601138,-0.05758070225364165,0.0,-0.158280498388922,1.7987781501517222,1.4235592481446273,0.16648738723742945,1.4196626841448392,0.0
8484839,2.533719877757536,2.6569734298184744,0.0,2.798534402691807,36.13333333333333,1.2333333333333334,3.983333333333333,41.35,0.0,1.8483104078441308,1.5066866401450285,0.1644590588450077,1.4724837036564158,0.0,0.049532257692408654,-0.0831273920004012,-0.0020283283924217577,-0.052821019511576583,0.0,-0.08844448221199089,1.7987781501517222,1.4235592481446273,0.16648738723742945,1.4196626841448392,0.0
8484929,5.0,0.4053687218290108,0.0,1.410858142375945,8.666666666666666,0.5666666666666667,2.083333333333333,11.316666666666666,0.0,1.8533205932028722,1.406211309950521,0.16554927468090433,1.4194829996189435,0.0,0.05454244305115008,0.017347938194106405,-0.0009381125565251225,0.00017968452589567363,0.0,0.07113195321462704,1.7987781501517222,1.4235592481446273,0.16648738723742945,1.4196626841448392,0.0
8484976,1.713043547659855,0.4392589834673615,0.0,0.0,15.433333333333334,0.0,0.0,15.433333333333334,0.0,1.7962110466819083,1.3940868933269612,0.16648738723742945,1.4196626841448392,0.0,-0.002567103469813814,0.02947235481766608,0.0,0.0,0.0,0.026905251347852266,1.7987781501517222,1.4235592481446273,0.16648738723742945,1.4196626841448392,0.0
8485414,4.729187935334955,1.7455189068956418,0.0,0.0,11.516666666666667,0.0,0.0,11.516666666666667,0.0,1.8647555755064391,1.4308080873547198,0.16648738723742945,1.4196626841448392,0.0,0.06597742535471696,-0.00724883921009245,0.0,0.0,0.0,0.058728586144624506,1.7987781501517222,1.4235592481446273,0.16648738723742945,1.4196626841448392,0.0
